file,class,type,cbo,cboModified,fanin,fanout,wmc,dit,noc,rfc,lcom,lcom*,tcc,lcc,totalMethodsQty,staticMethodsQty,publicMethodsQty,privateMethodsQty,protectedMethodsQty,defaultMethodsQty,visibleMethodsQty,abstractMethodsQty,finalMethodsQty,synchronizedMethodsQty,totalFieldsQty,staticFieldsQty,publicFieldsQty,privateFieldsQty,protectedFieldsQty,defaultFieldsQty,finalFieldsQty,synchronizedFieldsQty,nosi,loc,returnQty,loopQty,comparisonsQty,tryCatchQty,parenthesizedExpsQty,stringLiteralsQty,numbersQty,assignmentsQty,mathOperationsQty,variablesQty,maxNestedBlocksQty,anonymousClassesQty,innerClassesQty,lambdasQty,uniqueWordsQty,modifiers,logStatementsQty
/users/farah/cpmp/1.ck/easymock/core/src/test/java/org/easymock/tests2/UsageMatchersTest.java,org.easymock.tests2.UsageMatchersTest,class,5,5,0,5,2,1,0,8,1,0.0,0.0,0.0,2,0,2,0,0,0,2,0,0,0,0,0,0,0,0,0,0,0,7,14,0,0,0,0,0,3,3,2,0,2,0,0,0,0,29,1,0
/users/farah/cpmp/1.ck/easymock/core/src/test/java/org/easymock/tests/UsageFloatingPointReturnValueTest.java,org.easymock.tests.UsageFloatingPointReturnValueTest,class,5,5,0,5,3,1,0,13,0,0.0,0.0,0.0,3,0,3,0,0,0,3,0,0,0,1,0,0,1,0,0,0,0,11,24,0,0,0,0,0,0,24,1,0,1,0,0,0,0,24,1,0
/users/farah/cpmp/1.ck/easymock/core/src/main/java/org/easymock/LogicalOperator.java,org.easymock.LogicalOperator,enum,0,2,2,0,3,1,0,0,1,0.33333334,0.0,0.0,3,0,2,0,0,1,3,1,0,0,1,0,0,1,0,0,1,0,0,34,1,0,0,0,0,5,0,1,0,1,0,5,0,0,25,1,0
/users/farah/cpmp/1.ck/easymock/core/src/test/java/org/easymock/tests2/AnswerTest.java,org.easymock.tests2.AnswerTest$A,innerclass,0,0,0,0,0,1,0,0,0,0.0,-1.0,-1.0,0,0,0,0,0,0,0,0,0,0,0,0,0,0,0,0,0,0,0,2,0,0,0,0,0,0,0,0,0,0,0,0,0,0,1,9,0
/users/farah/cpmp/1.ck/easymock/core/src/test/java/org/easymock/tests/MockClassControlTest.java,org.easymock.tests.MockClassControlTest,class,9,10,1,9,14,2,0,12,61,0.5714286,0.0,0.0,14,0,10,4,0,0,10,0,0,0,1,0,0,1,0,0,0,0,7,79,0,0,0,0,0,1,0,5,1,4,0,0,4,0,63,1,0
/users/farah/cpmp/1.ck/easymock/core/src/test/java/org/easymock/tests2/AnswerTest.java,org.easymock.tests2.AnswerTest$B,innerclass,1,1,0,1,0,2,0,0,0,0.0,-1.0,-1.0,0,0,0,0,0,0,0,0,0,0,0,0,0,0,0,0,0,0,0,2,0,0,0,0,0,0,0,0,0,0,0,0,0,0,2,9,0
/users/farah/cpmp/1.ck/easymock/core/src/test/java/org/easymock/tests/InvocationTest.java,org.easymock.tests.InvocationTest,class,4,4,0,4,6,1,0,8,4,0.53333336,0.0,0.0,5,0,5,0,0,0,5,0,0,0,3,0,0,3,0,0,0,0,0,63,0,0,0,1,0,17,0,14,0,12,1,0,2,0,46,1,0
/users/farah/cpmp/1.ck/easymock/core/src/test/java/org/easymock/tests2/AnswerTest.java,org.easymock.tests2.AnswerTest$C,interface,1,1,0,1,1,1,0,0,0,0.0,NaN,NaN,1,0,0,0,0,1,1,0,0,0,0,0,0,0,0,0,0,0,0,3,0,0,0,0,0,0,0,0,0,0,0,0,0,0,3,1,0
/users/farah/cpmp/1.ck/easymock/core/src/test/java/org/easymock/tests2/AnswerTest.java,org.easymock.tests2.AnswerTest,class,9,9,0,9,10,2,0,21,0,0.14285715,0.0,0.0,7,0,7,0,0,0,7,0,0,0,1,0,0,1,0,0,0,0,23,102,4,0,0,3,0,55,23,11,0,10,1,0,3,6,54,1,0
/users/farah/cpmp/1.ck/easymock/core/src/main/java/org/easymock/internal/ThrowableWrapper.java,org.easymock.internal.ThrowableWrapper,class,0,2,2,0,2,2,0,0,0,0.5,0.0,0.0,2,0,2,0,0,0,2,0,0,0,2,1,0,2,0,0,2,0,0,10,1,0,0,0,0,0,1,2,0,2,0,0,0,0,13,1,0
/users/farah/cpmp/1.ck/easymock/core/src/test/java/org/easymock/tests2/EasyMockAnnotationsTest.java,org.easymock.tests2.EasyMockAnnotationsTest$ToInjectQualifiedMocksMultipleTestSubjectsTest,innerclass,4,4,0,4,0,1,0,0,0,NaN,-1.0,-1.0,0,0,0,0,0,0,0,0,0,0,4,0,0,0,4,0,0,0,0,6,0,0,0,0,0,4,0,2,0,4,0,0,0,0,14,10,0
/users/farah/cpmp/1.ck/easymock/core/src/test/java/org/easymock/tests2/EasyMockAnnotationsTest.java,org.easymock.tests2.EasyMockAnnotationsTest$ToInjectQualifiedMocksTest,innerclass,4,4,0,4,0,1,0,0,0,NaN,-1.0,-1.0,0,0,0,0,0,0,0,0,0,0,3,0,0,0,3,0,0,0,0,5,0,0,0,0,0,4,0,1,0,3,0,0,0,0,11,10,0
/users/farah/cpmp/1.ck/easymock/core/src/test/java/org/easymock/tests/DefaultClassInstantiatorTest.java,org.easymock.tests.DefaultClassInstantiatorTest$SerializableWithUIDClass,innerclass,0,0,0,0,1,1,0,0,0,1.0,NaN,NaN,1,0,1,0,0,0,1,0,0,0,1,1,0,1,0,0,1,0,0,6,0,0,0,0,0,0,1,1,0,1,0,0,0,0,10,9,0
/users/farah/cpmp/1.ck/easymock/core/src/main/java/org/easymock/IMockBuilder.java,org.easymock.IMockBuilder,interface,5,23,18,5,30,1,0,10,435,0.0,0.0,0.0,30,0,0,0,0,30,30,0,0,0,0,0,0,0,0,0,0,0,0,52,10,0,0,0,0,0,0,0,0,0,0,0,0,0,188,1,0
/users/farah/cpmp/1.ck/easymock/core/src/main/java/org/easymock/internal/matchers/InstanceOf.java,org.easymock.internal.matchers.InstanceOf,class,1,2,1,1,4,1,0,4,0,0.5,0.0,0.0,3,0,3,0,0,0,3,0,0,0,2,1,0,2,0,0,2,0,0,13,1,0,1,0,1,2,1,2,0,2,0,0,0,0,22,1,0
/users/farah/cpmp/1.ck/easymock/core/src/main/java/org/easymock/internal/UnorderedBehavior.java,org.easymock.internal.UnorderedBehavior,class,7,8,1,7,20,1,0,17,0,0.5555555,0.0,0.0,6,0,6,0,0,0,6,0,0,0,3,1,0,3,0,0,3,0,0,72,9,4,2,1,0,0,2,11,1,11,3,0,0,0,48,1,0
/users/farah/cpmp/1.ck/easymock/core/src/main/java/org/easymock/internal/ReflectionUtils.java,org.easymock.internal.ReflectionUtils,class,2,10,8,2,41,1,0,33,45,0.98333335,0.0,0.0,10,9,6,4,0,0,7,0,0,0,6,6,5,1,0,0,6,0,15,146,17,7,11,2,0,11,2,24,5,18,5,0,0,1,178,17,0
/users/farah/cpmp/1.ck/easymock/core/src/test/java/org/easymock/tests2/CaptureTest.java,org.easymock.tests2.CaptureTest,class,9,10,1,9,28,1,0,72,231,0.0,0.0,0.0,22,0,20,1,1,0,21,0,0,0,0,0,0,0,0,0,0,0,135,249,1,3,0,3,2,77,48,46,5,46,1,0,1,0,97,1,0
/users/farah/cpmp/1.ck/easymock/core/src/test/java/org/easymock/tests2/MockBuilderTest.java,org.easymock.tests2.MockBuilderTest$A,innerclass,0,0,0,0,1,1,0,0,0,0.0,NaN,NaN,1,0,1,0,0,0,1,0,1,0,0,0,0,0,0,0,0,0,0,4,0,0,0,0,0,0,0,0,0,0,0,0,0,0,3,10,0
/users/farah/cpmp/1.ck/easymock/core/src/test/java/org/easymock/tests2/UsageConstraintsTest.java,org.easymock.tests2.UsageConstraintsTest,class,16,17,1,16,45,1,0,154,0,0.032258064,0.0,0.0,31,0,30,1,0,0,30,0,0,0,1,0,0,1,0,0,0,0,378,492,0,0,0,9,0,346,227,10,1,5,1,1,1,0,122,1,0
/users/farah/cpmp/1.ck/easymock/core/src/test/java/org/easymock/tests2/CallbackTest.java,org.easymock.tests2.CallbackTest$Callback,innerclass,2,2,0,2,4,1,0,0,2,0.5,0.0,0.0,4,0,4,0,0,0,4,0,0,0,2,0,0,2,0,0,1,0,0,16,2,0,0,0,0,0,0,1,0,2,0,0,0,0,9,10,0
/users/farah/cpmp/1.ck/easymock/core/src/main/java/org/easymock/EasyMockSupport.java,org.easymock.EasyMockSupport,class,13,47,34,13,45,1,16,35,418,0.6666667,0.0,0.0,33,3,33,0,0,0,33,0,0,0,1,0,0,0,1,0,1,0,10,141,28,8,1,0,1,1,1,4,0,4,1,0,1,0,179,1,0
/users/farah/cpmp/1.ck/easymock/test-java8/src/test/java/org/easymock/java8/Methods.java,org.easymock.java8.Methods$A,innerclass,0,0,0,0,1,1,0,0,0,0.0,NaN,NaN,1,0,1,0,0,0,1,0,0,0,0,0,0,0,0,0,0,0,0,5,1,0,0,0,0,0,1,0,0,0,0,0,0,0,4,9,0
/users/farah/cpmp/1.ck/easymock/core/src/test/java/org/easymock/tests/RecordStateInvalidDefaultReturnValueTest.java,org.easymock.tests.RecordStateInvalidDefaultReturnValueTest,class,5,5,0,5,3,1,0,7,0,0.0,0.0,0.0,2,0,2,0,0,0,2,0,0,0,1,0,0,1,0,0,0,0,2,15,0,0,0,1,0,2,0,1,0,1,1,0,0,0,27,1,0
/users/farah/cpmp/1.ck/easymock/core/src/test/java/org/easymock/tests/UsageRangeTest.java,org.easymock.tests.UsageRangeTest,class,4,4,0,4,6,1,0,16,0,0.0,0.0,0.0,5,0,5,0,0,0,5,0,0,0,1,0,0,1,0,0,0,0,17,47,0,0,0,1,0,5,0,1,0,1,1,0,0,0,33,1,0
/users/farah/cpmp/1.ck/easymock/core/src/main/java/org/easymock/internal/MocksBehavior.java,org.easymock.internal.MocksBehavior,class,12,16,4,12,45,1,0,43,73,0.86,0.0,0.0,15,0,12,3,0,0,12,0,2,0,10,1,0,10,0,0,6,0,9,168,9,9,8,2,2,8,10,29,10,24,3,0,0,0,99,1,0
/users/farah/cpmp/1.ck/easymock/core/src/test/java/org/easymock/tests2/MockBuilderTest.java,org.easymock.tests2.MockBuilderTest,class,13,14,1,13,45,1,0,68,0,0.5862069,0.0,0.0,29,0,29,0,0,0,29,0,0,0,3,1,0,3,0,0,1,0,25,257,1,0,0,16,0,75,29,21,0,13,1,0,2,0,93,1,0
/users/farah/cpmp/1.ck/easymock/core/src/test/java/org/easymock/tests/MockClassControlTest.java,org.easymock.tests.MockClassControlTest$ClassWithFinalize,innerclass,0,0,0,0,1,1,0,0,0,0.0,NaN,NaN,1,0,1,0,0,0,1,0,0,0,0,0,0,0,0,0,0,0,0,4,0,0,0,0,0,1,0,0,0,0,0,0,0,0,4,9,0
/users/farah/cpmp/1.ck/easymock/core/src/test/java/org/easymock/tests/ConstructorTest.java,org.easymock.tests.ConstructorTest$ConstructorCallingPublicMethodClass,innerclass,1,1,0,1,1,2,0,1,0,0.0,NaN,NaN,1,0,1,0,0,0,1,0,0,0,0,0,0,0,0,0,0,0,0,5,0,0,0,0,0,0,0,0,0,0,0,0,0,0,7,9,0
/users/farah/cpmp/1.ck/easymock/core/src/samples/java/org/easymock/samples/SupportTest.java,org.easymock.samples.SupportTest,class,8,8,0,8,3,2,0,14,0,0.16666667,0.0,0.0,3,0,3,0,0,0,3,0,0,0,2,0,0,2,0,0,0,0,1,27,0,0,0,0,0,9,1,4,0,3,0,0,0,0,30,1,0
/users/farah/cpmp/1.ck/easymock/core/src/main/java/org/easymock/internal/AndroidClassProxyFactory.java,org.easymock.internal.AndroidClassProxyFactory$MockHandler,innerclass,3,3,0,3,9,1,0,12,0,0.33333334,0.0,0.0,3,0,2,1,0,0,2,0,0,0,2,0,0,2,0,0,2,0,4,21,3,0,2,0,1,1,0,4,0,3,1,0,0,0,22,10,0
/users/farah/cpmp/1.ck/easymock/core/src/main/java/org/easymock/internal/matchers/GreaterThan.java,org.easymock.internal.matchers.GreaterThan,class,2,4,2,2,4,2,0,0,3,1.0,0.0,0.0,3,0,1,0,2,0,3,0,0,0,1,1,0,1,0,0,1,0,0,12,2,0,0,0,0,1,2,1,0,1,0,0,0,0,23,1,0
/users/farah/cpmp/1.ck/easymock/test-osgi/src/test/java/org/easymock/itests/OsgiBaseTest.java,org.easymock.itests.OsgiBaseTest,class,12,14,2,12,7,1,2,19,7,0.5833334,0.0,0.0,6,0,2,0,4,0,6,0,0,0,2,0,0,2,0,0,1,0,0,30,3,1,0,0,0,11,0,3,5,4,1,0,0,0,32,1025,0
/users/farah/cpmp/1.ck/easymock/core/src/test/java/org/easymock/tests2/EasyMockAnnotationsTest.java,org.easymock.tests2.EasyMockAnnotationsTest$ToInjectQualifiedMocksToSuperClassTest,innerclass,4,4,0,4,0,1,0,0,0,NaN,-1.0,-1.0,0,0,0,0,0,0,0,0,0,0,3,0,0,0,3,0,0,0,0,5,0,0,0,0,0,4,0,1,0,3,0,0,0,0,14,10,0
/users/farah/cpmp/1.ck/easymock/core/src/main/java/org/easymock/internal/matchers/StartsWith.java,org.easymock.internal.matchers.StartsWith,class,1,3,2,1,3,1,0,2,0,0.5,0.0,0.0,3,0,3,0,0,0,3,0,0,0,2,1,0,2,0,0,2,0,0,13,1,0,0,0,2,2,1,2,0,2,0,0,0,0,21,1,0
/users/farah/cpmp/1.ck/easymock/core/src/test/java/org/easymock/tests2/EasyMockAnnotationsTest.java,org.easymock.tests2.EasyMockAnnotationsTest$ToInjectUnassignableField,innerclass,2,2,0,2,0,2,0,0,0,NaN,-1.0,-1.0,0,0,0,0,0,0,0,0,0,0,2,1,0,0,0,2,1,0,0,4,0,0,0,0,0,0,0,1,0,2,0,0,0,0,9,10,0
/users/farah/cpmp/1.ck/easymock/core/src/test/java/org/easymock/tests2/StubTest.java,org.easymock.tests2.StubTest,class,5,5,0,5,6,1,0,14,0,0.0,0.0,0.0,3,0,3,0,0,0,3,0,0,0,1,0,0,1,0,0,0,0,10,48,0,0,0,3,0,26,0,1,0,1,1,0,0,0,27,1,0
/users/farah/cpmp/1.ck/easymock/core/src/test/java/org/easymock/tests/RecordStateInvalidThrowableTest.java,org.easymock.tests.RecordStateInvalidThrowableTest$CheckedException,innerclass,0,0,0,0,0,3,0,0,0,NaN,-1.0,-1.0,0,0,0,0,0,0,0,0,0,0,1,1,0,1,0,0,1,0,0,3,0,0,0,0,0,0,1,1,0,1,0,0,0,0,9,2,0
/users/farah/cpmp/1.ck/easymock/core/src/test/java/org/easymock/tests2/EasyMockAnnotationsTest.java,org.easymock.tests2.EasyMockAnnotationsTest,class,22,24,2,22,22,4,2,16,99,0.85,0.0,0.0,15,0,15,0,0,0,15,0,0,0,4,0,0,4,0,0,0,0,16,219,5,0,0,7,0,26,0,7,0,11,1,0,17,0,113,1025,0
/users/farah/cpmp/1.ck/easymock/test-osgi/src/test/java/org/easymock/itests/InterfaceOnlyTest.java,org.easymock.itests.InterfaceOnlyTest,class,7,7,0,7,5,2,0,13,6,0.0,0.0,0.0,4,0,4,0,0,0,4,0,0,0,0,0,0,0,0,0,0,0,1,25,0,0,0,1,0,7,0,1,0,1,1,0,0,0,66,1,0
/users/farah/cpmp/1.ck/easymock/core/src/main/java/org/easymock/internal/DefaultClassInstantiator.java,org.easymock.internal.DefaultClassInstantiator,class,7,11,4,7,24,1,0,36,28,0.875,0.0,0.0,8,4,3,5,0,0,3,0,0,0,1,1,0,1,0,0,1,0,9,113,11,1,2,8,1,15,6,18,6,15,2,0,0,0,132,1,0
/users/farah/cpmp/1.ck/easymock/core/src/main/java/org/easymock/IMocksControl.java,org.easymock.IMocksControl,interface,4,23,19,4,17,1,0,3,136,0.0,0.0,0.0,17,0,0,0,0,17,17,0,0,0,0,0,0,0,0,0,0,0,0,25,3,0,0,0,0,0,0,0,0,0,0,0,0,0,142,1,0
/users/farah/cpmp/1.ck/easymock/core/src/test/java/org/easymock/tests2/CompareToTest.java,org.easymock.tests2.CompareToTest$Anonymous1,anonymous,0,0,0,0,2,1,0,1,1,1.0,0.0,0.0,2,0,0,0,2,0,2,0,0,0,1,1,0,1,0,0,1,0,0,10,2,0,0,0,0,1,1,1,0,1,0,0,0,0,23,-1,0
/users/farah/cpmp/1.ck/easymock/core/src/test/java/org/easymock/tests/UsageOverloadedDefaultValueTest.java,org.easymock.tests.UsageOverloadedDefaultValueTest,class,5,5,0,5,4,1,0,28,0,0.0,0.0,0.0,3,0,3,0,0,0,3,0,0,0,1,0,0,1,0,0,0,0,33,58,0,0,0,1,0,41,21,2,0,2,1,0,0,0,41,1,0
/users/farah/cpmp/1.ck/easymock/test-testng/src/test/java/org/easymock/itests/EasyMockListenerTest.java,org.easymock.itests.EasyMockListenerTest$ToInject,innerclass,2,2,0,2,0,1,0,0,0,NaN,-1.0,-1.0,0,0,0,0,0,0,0,0,0,0,6,1,0,0,6,0,1,0,0,8,0,0,0,0,0,0,0,1,0,6,0,0,0,0,13,10,0
/users/farah/cpmp/1.ck/easymock/core/src/main/java/org/easymock/internal/JavaProxyFactory.java,org.easymock.internal.JavaProxyFactory,class,3,4,1,3,2,1,0,3,1,0.0,0.0,0.0,2,0,2,0,0,0,2,0,0,0,0,0,0,0,0,0,0,0,2,8,2,0,0,0,0,1,0,0,0,0,0,0,0,0,18,1,0
/users/farah/cpmp/1.ck/easymock/core/src/test/java/org/easymock/tests/UsageDefaultReturnValueTest.java,org.easymock.tests.UsageDefaultReturnValueTest,class,5,5,0,5,8,1,0,27,0,0.0,0.0,0.0,6,0,6,0,0,0,6,0,0,0,1,0,0,1,0,0,0,0,30,75,0,0,0,2,0,26,32,4,0,4,1,0,0,0,40,1,0
/users/farah/cpmp/1.ck/easymock/core/src/test/java/org/easymock/tests/DefaultClassInstantiatorTest.java,org.easymock.tests.DefaultClassInstantiatorTest$ConstructorWithCodeClass,innerclass,0,0,0,0,1,1,0,0,0,0.0,NaN,NaN,1,0,1,0,0,0,1,0,0,0,0,0,0,0,0,0,0,0,0,5,0,0,0,0,0,0,0,0,0,0,0,0,0,0,6,9,0
/users/farah/cpmp/1.ck/easymock/core/src/test/java/org/easymock/tests2/EasyMockPropertiesTest.java,org.easymock.tests2.EasyMockPropertiesTest,class,8,9,1,8,15,1,0,29,64,0.9166667,0.0,0.0,12,5,9,3,0,0,9,0,0,0,3,3,0,3,0,0,3,0,35,137,2,0,1,4,0,40,2,14,4,14,2,2,0,0,94,1,0
/users/farah/cpmp/1.ck/easymock/core/src/main/java/org/easymock/internal/matchers/LessOrEqual.java,org.easymock.internal.matchers.LessOrEqual,class,2,4,2,2,4,2,0,0,3,1.0,0.0,0.0,3,0,1,0,2,0,3,0,0,0,1,1,0,1,0,0,1,0,0,12,2,0,0,0,0,1,2,1,0,1,0,0,0,0,24,1,0
/users/farah/cpmp/1.ck/easymock/core/src/main/java/org/easymock/internal/LastControl.java,org.easymock.internal.LastControl,class,7,16,9,7,26,1,0,20,28,0.6923077,0.0,0.0,13,12,10,3,0,0,10,0,0,0,4,4,0,4,0,0,4,0,8,85,6,1,9,0,0,4,8,17,5,15,1,0,0,0,53,17,0
/users/farah/cpmp/1.ck/easymock/core/src/test/java/org/easymock/tests/StacktraceTest.java,org.easymock.tests.StacktraceTest,class,9,9,0,9,19,1,0,21,0,0.0,0.0,0.0,8,0,8,0,0,0,8,0,0,0,1,0,0,1,0,0,0,0,21,92,0,0,0,7,0,18,6,4,2,4,1,2,1,0,52,1,0
/users/farah/cpmp/1.ck/easymock/core/src/main/java/org/easymock/internal/RecordState.java,org.easymock.internal.RecordState,class,12,18,6,12,74,1,0,43,277,0.7542857,0.0,0.0,35,1,22,13,0,0,22,0,0,0,5,1,0,5,0,0,2,0,16,256,22,1,18,0,1,27,1,29,3,13,2,0,0,0,126,1,0
/users/farah/cpmp/1.ck/easymock/core/src/main/java/org/easymock/IAnswer.java,org.easymock.IAnswer,interface,1,14,13,1,1,1,0,0,0,0.0,NaN,NaN,1,0,0,0,0,1,1,0,0,0,0,0,0,0,0,0,0,0,0,3,0,0,0,0,0,0,0,0,0,0,0,0,0,0,42,1,0
/users/farah/cpmp/1.ck/easymock/core/src/test/java/org/easymock/tests/FinalEqualsTest.java,org.easymock.tests.FinalEqualsTest,class,4,4,0,4,1,1,0,6,0,0.0,NaN,NaN,1,0,1,0,0,0,1,0,0,0,0,0,0,0,0,0,0,0,3,20,0,0,0,0,0,0,2,1,0,1,0,0,1,0,18,1,0
/users/farah/cpmp/1.ck/easymock/core/src/test/java/org/easymock/tests2/DelegateToTest.java,org.easymock.tests2.DelegateToTest$Anonymous3,anonymous,1,1,0,1,3,1,0,0,3,0.0,0.0,0.0,3,0,3,0,0,0,3,0,0,0,0,0,0,0,0,0,0,0,0,11,3,0,0,0,0,0,3,0,0,0,0,0,0,0,6,-1,0
/users/farah/cpmp/1.ck/easymock/core/src/test/java/org/easymock/tests/ByteBuddyTest.java,org.easymock.tests.ByteBuddyTest,class,9,10,1,9,8,1,0,28,10,0.0,0.0,0.0,5,0,2,3,0,0,2,0,0,0,0,0,0,0,0,0,0,0,5,52,3,0,0,3,0,3,0,9,0,9,1,1,0,0,73,1,0
/users/farah/cpmp/1.ck/easymock/core/src/test/java/org/easymock/tests/UsageTest.java,org.easymock.tests.UsageTest,class,5,5,0,5,30,1,0,23,0,0.0,0.0,0.0,14,0,14,0,0,0,14,0,0,0,1,0,0,1,0,0,0,0,29,174,0,0,0,13,0,70,5,9,5,6,2,0,0,0,69,1,0
/users/farah/cpmp/1.ck/easymock/core/src/test/java/org/easymock/tests2/DelegateToTest.java,org.easymock.tests2.DelegateToTest$Anonymous2,anonymous,0,0,0,0,1,1,0,0,0,0.0,NaN,NaN,1,0,1,0,0,0,1,0,0,0,1,0,0,1,0,0,0,0,0,6,1,0,0,0,0,0,1,1,0,1,0,0,0,0,4,-1,0
/users/farah/cpmp/1.ck/easymock/core/src/test/java/org/easymock/tests2/DelegateToTest.java,org.easymock.tests2.DelegateToTest$Anonymous1,anonymous,0,0,0,0,1,1,0,0,0,0.0,NaN,NaN,1,0,1,0,0,0,1,0,0,0,1,0,0,1,0,0,0,0,0,6,1,0,0,0,0,0,1,2,0,1,0,0,0,0,4,-1,0
/users/farah/cpmp/1.ck/easymock/core/src/test/java/org/easymock/tests2/EasyMockSupportClassTest.java,org.easymock.tests2.EasyMockSupportClassTest$ToMock,innerclass,0,0,0,0,1,1,0,0,0,0.0,NaN,NaN,1,0,1,0,0,0,1,0,0,0,0,0,0,0,0,0,0,0,0,5,1,0,0,0,0,0,1,0,0,0,0,0,0,0,3,9,0
/users/farah/cpmp/1.ck/easymock/core/src/main/java/org/easymock/EasyMockRule.java,org.easymock.EasyMockRule,class,4,7,3,4,2,1,0,0,0,0.0,0.0,0.0,2,0,2,0,0,0,2,0,0,0,1,0,0,1,0,0,1,0,0,9,1,0,0,0,0,0,0,1,0,1,0,0,0,0,19,1,0
/users/farah/cpmp/1.ck/easymock/core/src/main/java/org/easymock/internal/AndroidClassProxyFactory.java,org.easymock.internal.AndroidClassProxyFactory,class,6,7,1,6,5,1,0,11,1,0.0,0.0,0.0,2,0,2,0,0,0,2,0,0,0,0,0,0,0,0,0,0,0,0,51,2,0,1,2,0,2,0,6,2,6,3,0,1,0,37,17,0
/users/farah/cpmp/1.ck/easymock/core/src/test/java/org/easymock/tests/MockClassControlTest.java,org.easymock.tests.MockClassControlTest$ClassWithAnotherOverload,innerclass,1,1,0,1,1,2,0,0,0,0.0,NaN,NaN,1,0,1,0,0,0,1,0,0,0,0,0,0,0,0,0,0,0,0,5,1,0,0,0,0,1,0,0,0,0,0,0,0,0,8,9,0
/users/farah/cpmp/1.ck/easymock/core/src/test/java/org/easymock/tests/StacktraceTest.java,org.easymock.tests.StacktraceTest$Anonymous2,anonymous,0,0,0,0,1,1,0,0,0,0.0,NaN,NaN,1,0,1,0,0,0,1,0,0,0,0,0,0,0,0,0,0,0,0,5,0,0,0,0,0,0,0,0,0,0,0,0,0,0,4,-1,0
/users/farah/cpmp/1.ck/easymock/core/src/main/java/org/easymock/internal/ErrorMessage.java,org.easymock.internal.ErrorMessage,class,0,3,3,0,7,1,0,2,0,0.4,0.0,0.0,5,0,5,0,0,0,5,0,0,0,3,0,0,3,0,0,3,0,0,34,3,0,1,0,0,3,2,3,1,3,2,0,0,0,17,1,0
/users/farah/cpmp/1.ck/easymock/core/src/test/java/org/easymock/tests/StacktraceTest.java,org.easymock.tests.StacktraceTest$Anonymous1,anonymous,0,0,0,0,1,1,0,0,0,0.0,NaN,NaN,1,0,1,0,0,0,1,0,0,0,0,0,0,0,0,0,0,0,0,5,0,0,0,0,0,0,0,0,0,0,0,0,0,0,7,-1,0
/users/farah/cpmp/1.ck/easymock/core/src/test/java/org/easymock/tests/UsageUnorderedTest.java,org.easymock.tests.UsageUnorderedTest,class,4,4,0,4,2,1,0,10,0,0.0,NaN,NaN,1,0,1,0,0,0,1,0,0,0,0,0,0,0,0,0,0,0,6,25,0,0,0,1,0,4,7,1,1,1,1,0,1,0,30,1,0
/users/farah/cpmp/1.ck/easymock/core/src/test/java/org/easymock/tests/ConstructorTest.java,org.easymock.tests.ConstructorTest$EmptyConstructorClass,innerclass,1,1,0,1,0,2,0,0,0,0.0,-1.0,-1.0,0,0,0,0,0,0,0,0,0,0,0,0,0,0,0,0,0,0,0,2,0,0,0,0,0,0,0,0,0,0,0,0,0,0,4,9,0
/users/farah/cpmp/1.ck/easymock/test-java8/src/test/java/org/easymock/java8/Java8Test.java,org.easymock.java8.Java8Test,class,8,9,1,8,5,1,0,11,10,0.0,0.0,0.0,5,0,4,1,0,0,4,0,0,0,0,0,0,0,0,0,0,0,8,28,0,0,0,0,0,2,4,5,0,5,0,0,0,0,26,1,0
/users/farah/cpmp/1.ck/easymock/core/src/test/java/org/easymock/tests/MockClassControlTest.java,org.easymock.tests.MockClassControlTest$ClassToMockWithOverload,innerclass,0,0,0,0,3,1,0,0,3,0.0,0.0,0.0,3,0,3,0,0,0,3,0,0,0,0,0,0,0,0,0,0,0,0,11,3,0,0,0,0,1,1,0,0,0,0,0,0,0,31,9,0
/users/farah/cpmp/1.ck/easymock/core/src/test/java/org/easymock/tests/RecordStateMethodCallMissingTest.java,org.easymock.tests.RecordStateMethodCallMissingTest,class,7,8,1,7,52,1,0,25,0,0.654321,0.0,0.0,27,0,26,1,0,0,26,0,0,0,3,1,0,1,0,2,1,0,4,240,0,0,0,25,0,48,13,3,1,3,1,0,0,2,80,1,0
/users/farah/cpmp/1.ck/easymock/test-nodeps/src/test/java/org/itests/FilteringRule.java,org.itests.FilteringStatement,class,3,4,1,3,3,2,0,10,0,0.0,0.0,0.0,2,0,2,0,0,0,2,0,0,0,2,0,0,2,0,0,2,0,1,21,0,0,0,1,0,0,0,7,0,7,1,0,0,0,22,0,0
/users/farah/cpmp/1.ck/easymock/core/src/test/java/org/easymock/tests/ErrorMessageTest.java,org.easymock.tests.ErrorMessageTest,class,2,2,0,2,4,1,0,7,6,0.0,0.0,0.0,4,0,4,0,0,0,4,0,0,0,0,0,0,0,0,0,0,0,0,26,0,0,0,0,0,8,11,7,0,7,0,0,0,0,21,1,0
/users/farah/cpmp/1.ck/easymock/test-nodeps/src/test/java/org/itests/NoDepsTest.java,org.itests.NoDepsTest,class,4,5,1,4,3,1,0,7,3,0.0,0.0,0.0,3,0,2,1,0,0,2,0,0,0,0,0,0,0,0,0,0,0,5,16,0,0,0,0,0,0,0,2,0,2,0,0,0,0,21,1,0
/users/farah/cpmp/1.ck/easymock/core/src/test/java/org/easymock/tests/DefaultClassInstantiatorTest.java,org.easymock.tests.DefaultClassInstantiatorTest$ParamClass,innerclass,1,1,0,1,1,1,0,0,0,0.0,NaN,NaN,1,0,1,0,0,0,1,0,0,0,0,0,0,0,0,0,0,0,0,4,0,0,0,0,0,0,0,0,0,0,0,0,0,0,4,9,0
/users/farah/cpmp/1.ck/easymock/core/src/main/java/org/easymock/internal/matchers/CompareTo.java,org.easymock.internal.matchers.CompareTo,class,3,10,7,3,6,1,0,5,4,0.7,0.0,0.0,5,0,3,0,2,0,5,2,0,0,2,1,0,2,0,0,2,0,0,18,2,0,0,0,2,4,1,2,0,2,1,0,0,0,34,1025,0
/users/farah/cpmp/1.ck/easymock/test-integration/src/main/java/org/itests/StaticService.java,org.itests.StaticService,class,0,1,1,0,1,1,0,0,0,0.0,NaN,NaN,1,1,1,0,0,0,1,0,0,0,0,0,0,0,0,0,0,0,0,5,1,0,0,0,0,1,0,0,1,0,0,0,0,0,6,1,0
/users/farah/cpmp/1.ck/easymock/core/src/test/java/org/easymock/tests/RecordStateInvalidRangeTest.java,org.easymock.tests.RecordStateInvalidRangeTest,class,5,5,0,5,11,1,0,9,0,0.0,0.0,0.0,6,0,6,0,0,0,6,0,0,0,1,0,0,1,0,0,0,0,6,58,0,0,0,5,0,5,6,3,0,3,1,0,0,0,55,1,0
/users/farah/cpmp/1.ck/easymock/core/src/test/java/org/easymock/tests2/EasyMockAnnotationsTest.java,org.easymock.tests2.EasyMockAnnotationsTest$ToInjectUnassignableStaticFieldQualifierTest,innerclass,4,4,0,4,0,1,0,0,0,NaN,-1.0,-1.0,0,0,0,0,0,0,0,0,0,0,2,0,0,0,2,0,0,0,0,4,0,0,0,0,0,2,0,1,0,2,0,0,0,0,12,10,0
/users/farah/cpmp/1.ck/easymock/core/src/test/java/org/easymock/tests2/EasyMockAnnotationsTest.java,org.easymock.tests2.EasyMockAnnotationsTest$ToInjectUnsatisfiedQualifierTest,innerclass,5,5,0,5,0,1,0,0,0,NaN,-1.0,-1.0,0,0,0,0,0,0,0,0,0,0,4,0,0,0,4,0,0,0,0,6,0,0,0,0,0,5,0,1,0,4,0,0,0,0,16,10,0
/users/farah/cpmp/1.ck/easymock/core/src/test/java/org/easymock/tests/RecordStateInvalidDefaultThrowableTest.java,org.easymock.tests.RecordStateInvalidDefaultThrowableTest,class,6,6,0,6,7,3,0,11,0,0.0,0.0,0.0,4,0,4,0,0,0,4,0,0,0,1,0,0,1,0,0,0,0,4,36,0,0,0,3,0,8,1,1,2,1,1,0,1,0,39,1,0
/users/farah/cpmp/1.ck/easymock/core/src/samples/java/org/easymock/samples/BasicClassMockTest.java,org.easymock.samples.BasicClassMockTest$Document,innerclass,1,1,0,1,4,1,0,1,0,0.375,0.0,0.0,4,0,4,0,0,0,4,0,0,0,2,0,0,2,0,0,1,0,0,16,1,0,0,0,0,0,0,2,0,2,0,0,0,0,14,9,0
/users/farah/cpmp/1.ck/easymock/core/src/main/java/org/easymock/internal/Result.java,org.easymock.internal.Result$1DelegatingAnswer,innerclass,4,4,0,4,8,1,0,14,3,1.0,0.0,0.0,3,0,2,1,0,0,2,0,0,0,1,1,0,1,0,0,1,0,4,38,4,1,0,1,0,4,8,10,8,9,2,0,0,0,46,0,0
/users/farah/cpmp/1.ck/easymock/core/src/test/java/org/easymock/tests/RecordStateInvalidStateChangeTest.java,org.easymock.tests.RecordStateInvalidStateChangeTest,class,6,6,0,6,7,1,0,11,0,0.0,0.0,0.0,4,0,4,0,0,0,4,0,0,0,1,0,0,1,0,0,0,0,6,37,0,0,0,3,0,10,2,1,2,1,1,0,0,0,43,1,0
/users/farah/cpmp/1.ck/easymock/core/src/test/java/org/easymock/tests/DefaultClassInstantiatorTest.java,org.easymock.tests.DefaultClassInstantiatorTest$BadlyDoneSerializableClass,innerclass,0,0,0,0,1,1,0,0,0,1.0,NaN,NaN,1,0,1,0,0,0,1,0,0,0,1,0,0,1,0,0,1,0,0,6,0,0,0,0,0,1,1,1,0,1,0,0,0,0,11,9,0
/users/farah/cpmp/1.ck/easymock/core/src/main/java/org/easymock/LogicalOperator.java,org.easymock.LogicalOperator$Anonymous1,anonymous,0,0,0,0,2,1,0,0,0,0.0,NaN,NaN,1,0,1,0,0,0,1,0,0,0,0,0,0,0,0,0,0,0,0,5,1,0,0,0,0,0,1,0,0,0,0,0,0,0,3,-1,0
/users/farah/cpmp/1.ck/easymock/core/src/main/java/org/easymock/LogicalOperator.java,org.easymock.LogicalOperator$Anonymous2,anonymous,0,0,0,0,2,1,0,0,0,0.0,NaN,NaN,1,0,1,0,0,0,1,0,0,0,0,0,0,0,0,0,0,0,0,5,1,0,0,0,0,0,1,0,0,0,0,0,0,0,3,-1,0
/users/farah/cpmp/1.ck/easymock/core/src/main/java/org/easymock/LogicalOperator.java,org.easymock.LogicalOperator$Anonymous3,anonymous,0,0,0,0,2,1,0,0,0,0.0,NaN,NaN,1,0,1,0,0,0,1,0,0,0,0,0,0,0,0,0,0,0,0,5,1,0,1,0,0,0,1,0,0,0,0,0,0,0,3,-1,0
/users/farah/cpmp/1.ck/easymock/core/src/main/java/org/easymock/LogicalOperator.java,org.easymock.LogicalOperator$Anonymous4,anonymous,0,0,0,0,2,1,0,0,0,0.0,NaN,NaN,1,0,1,0,0,0,1,0,0,0,0,0,0,0,0,0,0,0,0,5,1,0,0,0,0,0,1,0,0,0,0,0,0,0,3,-1,0
/users/farah/cpmp/1.ck/easymock/core/src/main/java/org/easymock/LogicalOperator.java,org.easymock.LogicalOperator$Anonymous5,anonymous,0,0,0,0,2,1,0,0,0,0.0,NaN,NaN,1,0,1,0,0,0,1,0,0,0,0,0,0,0,0,0,0,0,0,5,1,0,0,0,0,0,1,0,0,0,0,0,0,0,3,-1,0
/users/farah/cpmp/1.ck/easymock/core/src/test/java/org/easymock/internal/LinkedClassLoaderTest.java,org.easymock.internal.OneClassLoader,class,0,1,1,0,3,2,0,2,0,0.0,0.0,0.0,2,0,1,0,1,0,2,0,0,0,1,0,0,1,0,0,1,0,0,13,1,0,0,0,0,0,0,1,0,1,1,0,0,0,12,0,0
/users/farah/cpmp/1.ck/easymock/core/src/test/java/org/easymock/tests/GenericTest.java,org.easymock.tests.GenericTest$B,innerclass,1,1,0,1,1,1,0,1,0,0.0,NaN,NaN,1,0,1,0,0,0,1,0,0,0,0,0,0,0,0,0,0,0,0,5,0,0,0,0,0,1,0,0,0,0,0,0,0,0,8,1,0
/users/farah/cpmp/1.ck/easymock/core/src/test/java/org/easymock/internal/PrivateNoArgConstructor.java,org.easymock.internal.PrivateNoArgConstructor,class,0,1,1,0,1,1,0,0,0,0.0,-1.0,-1.0,1,0,0,1,0,0,0,0,0,0,0,0,0,0,0,0,0,0,0,4,0,0,0,0,0,0,0,0,0,0,0,0,0,0,4,1,0
/users/farah/cpmp/1.ck/easymock/core/src/test/java/org/easymock/tests/GenericTest.java,org.easymock.tests.GenericTest$C,interface,1,1,0,1,1,1,0,0,0,0.0,NaN,NaN,1,0,0,0,0,1,1,0,0,0,0,0,0,0,0,0,0,0,0,3,0,0,0,0,0,0,0,0,0,0,0,0,0,0,5,1,0
/users/farah/cpmp/1.ck/easymock/core/src/test/java/org/easymock/tests/DefaultClassInstantiatorTest.java,org.easymock.tests.DefaultClassInstantiatorTest$FinalParamClass,innerclass,0,0,0,0,1,1,0,0,0,0.0,NaN,NaN,1,0,1,0,0,0,1,0,0,0,0,0,0,0,0,0,0,0,0,4,0,0,0,0,0,0,0,0,0,0,0,0,0,0,4,9,0
/users/farah/cpmp/1.ck/easymock/core/src/test/java/org/easymock/tests/ObjectMethodsTest.java,org.easymock.tests.ObjectMethodsTest$MockedClass,innerclass,0,0,0,0,0,1,0,0,0,0.0,-1.0,-1.0,0,0,0,0,0,0,0,0,0,0,0,0,0,0,0,0,0,0,0,2,0,0,0,0,0,0,0,0,0,0,0,0,0,0,2,10,0
/users/farah/cpmp/1.ck/easymock/core/src/test/java/org/easymock/tests/StacktraceTest.java,org.easymock.tests.StacktraceTest$ToStringThrowsException,innerclass,0,0,0,0,1,1,0,0,0,0.0,NaN,NaN,1,0,1,0,0,0,1,0,0,0,0,0,0,0,0,0,0,0,0,5,0,0,0,0,0,0,0,0,0,0,0,0,0,0,7,10,0
/users/farah/cpmp/1.ck/easymock/core/src/test/java/org/easymock/tests2/UsageConstraintsTest.java,org.easymock.tests2.UsageConstraintsTest$A,innerclass,0,0,0,0,2,1,0,0,0,0.0,0.0,0.0,2,0,2,0,0,0,2,0,0,0,1,0,0,1,0,0,1,0,0,9,1,0,0,0,0,0,0,1,0,1,0,0,0,0,4,9,0
/users/farah/cpmp/1.ck/easymock/core/src/test/java/org/easymock/tests2/DelegateToTest.java,org.easymock.tests2.DelegateToTest$IMyVarArgsInterface,interface,1,1,0,1,3,1,0,0,3,0.0,0.0,0.0,3,0,0,0,0,3,3,0,0,0,0,0,0,0,0,0,0,0,0,5,0,0,0,0,0,0,0,0,0,0,0,0,0,0,11,1,0
/users/farah/cpmp/1.ck/easymock/core/src/test/java/org/easymock/tests2/EasyMockRuleTest.java,org.easymock.tests2.EasyMockRuleTest,class,3,3,0,3,0,3,0,0,0,NaN,-1.0,-1.0,0,0,0,0,0,0,0,0,0,0,1,0,1,0,0,0,0,0,0,3,0,0,0,0,0,0,0,1,0,1,0,0,0,0,18,1,0
/users/farah/cpmp/1.ck/easymock/core/src/main/java/org/easymock/internal/EasyMockStatement.java,org.easymock.internal.EasyMockStatement,class,2,3,1,2,2,2,0,2,0,0.0,0.0,0.0,2,0,2,0,0,0,2,0,0,0,2,0,0,2,0,0,2,0,1,12,0,0,0,0,0,0,0,2,0,2,0,0,0,0,22,1,0
/users/farah/cpmp/1.ck/easymock/core/src/test/java/org/easymock/tests/ObjectMethodsTest.java,org.easymock.tests.ObjectMethodsTest$EmptyInterface,interface,0,0,0,0,0,1,0,0,0,0.0,-1.0,-1.0,0,0,0,0,0,0,0,0,0,0,0,0,0,0,0,0,0,0,0,2,0,0,0,0,0,0,0,0,0,0,0,0,0,0,2,2,0
/users/farah/cpmp/1.ck/easymock/core/src/test/java/org/easymock/tests2/EasyMockAnnotationsTest.java,org.easymock.tests2.EasyMockAnnotationsTest$ToInjectExtension,innerclass,1,1,0,1,0,2,0,0,0,0.0,-1.0,-1.0,0,0,0,0,0,0,0,0,0,0,0,0,0,0,0,0,0,0,0,2,0,0,0,0,0,0,0,0,0,0,0,0,0,0,3,10,0
/users/farah/cpmp/1.ck/easymock/core/src/main/java/org/easymock/internal/InjectionPlan.java,org.easymock.internal.InjectionPlan,class,3,5,2,3,8,1,0,8,9,0.7083333,0.0,0.0,6,0,5,1,0,0,5,0,0,0,4,0,0,4,0,0,4,0,1,33,3,0,1,0,0,1,4,5,0,5,1,0,0,0,70,1,0
/users/farah/cpmp/1.ck/easymock/core/src/main/java/org/easymock/internal/IClassInstantiator.java,org.easymock.internal.IClassInstantiator,interface,0,6,6,0,1,1,0,0,0,0.0,NaN,NaN,1,0,0,0,0,1,1,0,0,0,0,0,0,0,0,0,0,0,0,3,0,0,0,0,0,0,0,0,0,0,0,0,0,0,44,1,0
/users/farah/cpmp/1.ck/easymock/core/src/test/java/org/easymock/tests2/CallbackAndArgumentsTest.java,org.easymock.tests2.CallbackAndArgumentsTest,class,5,5,0,5,6,1,0,14,3,0.33333334,0.0,0.0,6,0,6,0,0,0,6,0,0,0,1,0,0,1,0,0,0,0,22,55,2,0,0,0,0,9,8,5,0,5,1,0,0,4,43,1,0
/users/farah/cpmp/1.ck/easymock/test-nodeps/src/test/java/org/depends/Dependency.java,org.depends.Dependency,class,0,1,1,0,0,1,0,0,0,0.0,-1.0,-1.0,0,0,0,0,0,0,0,0,0,0,0,0,0,0,0,0,0,0,0,2,0,0,0,0,0,0,0,0,0,0,0,0,0,0,3,1,0
/users/farah/cpmp/1.ck/easymock/core/src/test/java/org/easymock/tests/UsageThrowableTest.java,org.easymock.tests.UsageThrowableTest,class,6,7,1,6,15,1,0,16,35,0.54545456,0.0,0.0,11,0,9,2,0,0,9,0,0,0,1,0,0,1,0,0,0,0,14,92,0,0,0,4,0,19,6,2,0,2,1,3,0,0,43,1,0
/users/farah/cpmp/1.ck/easymock/core/src/main/java/org/easymock/internal/matchers/Captures.java,org.easymock.internal.matchers.Captures,class,6,10,4,6,5,1,0,5,2,0.6666667,0.0,0.0,5,0,5,0,0,0,5,0,0,0,3,1,0,3,0,0,2,0,1,21,1,0,0,0,0,3,1,3,0,3,0,0,0,0,33,1,0
/users/farah/cpmp/1.ck/easymock/core/src/main/java/org/easymock/internal/Injection.java,org.easymock.internal.Injection,class,1,4,3,1,6,1,0,1,5,0.61111116,0.0,0.0,6,0,6,0,0,0,6,0,0,0,3,0,0,3,0,0,2,0,0,24,4,0,0,0,0,0,0,4,0,3,0,0,0,0,52,1,0
/users/farah/cpmp/1.ck/easymock/test-nodeps/src/test/java/org/itests/FilteringRule.java,org.itests.FilteringRule,class,4,5,1,4,2,1,0,0,0,0.0,0.0,0.0,2,0,2,0,0,0,2,0,0,0,1,0,0,1,0,0,1,0,0,9,1,0,0,0,0,0,0,1,0,1,0,0,0,0,11,1,0
/users/farah/cpmp/1.ck/easymock/core/src/main/java/org/easymock/internal/matchers/And.java,org.easymock.internal.matchers.And,class,1,3,2,1,7,1,0,6,0,0.5,0.0,0.0,3,0,3,0,0,0,3,0,0,0,2,1,0,2,0,0,2,0,0,25,2,2,0,0,0,3,1,3,0,3,2,0,0,0,26,1,0
/users/farah/cpmp/1.ck/easymock/core/src/test/java/org/easymock/tests/IMethods.java,org.easymock.tests.IMethods,interface,8,70,62,8,40,1,0,0,780,0.0,0.0,0.0,40,0,0,0,0,40,40,0,0,0,0,0,0,0,0,0,0,0,0,42,0,0,0,0,0,0,0,0,0,0,0,0,0,0,40,1,0
/users/farah/cpmp/1.ck/easymock/core/src/main/java/org/easymock/internal/PrimitiveUtils.java,org.easymock.internal.PrimitiveUtils,class,1,4,3,1,6,1,0,5,6,0.6,0.0,0.0,5,4,4,1,0,0,5,0,0,0,2,2,0,2,0,0,2,0,0,43,4,0,0,0,0,6,9,2,0,2,0,0,1,0,18,17,0
/users/farah/cpmp/1.ck/easymock/core/src/test/java/org/easymock/tests2/EasyMockAnnotationsTest.java,org.easymock.tests2.EasyMockAnnotationsTest$ToInjectDuplicateQualifierTest,innerclass,4,4,0,4,0,1,0,0,0,NaN,-1.0,-1.0,0,0,0,0,0,0,0,0,0,0,3,0,0,0,3,0,0,0,0,5,0,0,0,0,0,4,0,1,0,3,0,0,0,0,11,10,0
/users/farah/cpmp/1.ck/easymock/core/src/test/java/org/easymock/tests/MethodSerializationWrapperTest.java,org.easymock.tests.MethodSerializationWrapperTest,class,4,4,0,4,1,1,0,3,0,0.0,NaN,NaN,1,0,1,0,0,0,1,0,0,0,0,0,0,0,0,0,0,0,0,11,0,0,0,0,0,1,0,2,0,2,0,0,1,0,13,1,0
/users/farah/cpmp/1.ck/easymock/core/src/test/java/org/easymock/tests2/ReflectionUtilsTest.java,org.easymock.tests2.ReflectionUtilsTest,class,5,5,0,5,22,2,0,27,219,0.8181818,0.0,0.0,22,0,22,0,0,0,22,0,0,0,1,1,0,1,0,0,1,0,19,120,0,0,0,0,0,21,12,14,1,15,0,0,2,7,80,1,0
/users/farah/cpmp/1.ck/easymock/core/src/main/java/org/easymock/ConstructorArgs.java,org.easymock.ConstructorArgs,class,1,15,14,1,13,1,0,9,0,0.4,0.0,0.0,5,0,3,2,0,0,3,0,0,0,2,0,0,2,0,0,2,0,0,50,3,1,3,1,0,4,1,8,2,8,4,0,0,0,51,1,0
/users/farah/cpmp/1.ck/easymock/core/src/main/java/org/easymock/internal/AssertionErrorWrapper.java,org.easymock.internal.AssertionErrorWrapper,class,0,3,3,0,2,4,0,0,0,0.5,0.0,0.0,2,0,2,0,0,0,2,0,0,0,2,1,0,2,0,0,2,0,0,10,1,0,0,0,0,0,1,2,0,2,0,0,0,0,16,1,0
/users/farah/cpmp/1.ck/easymock/core/src/test/java/org/easymock/tests2/MocksControlDefaultMethodsTest.java,org.easymock.tests2.MocksControlDefaultMethodsTest$InterfaceWithInheritedDefaultMethod,interface,1,1,0,1,0,1,0,0,0,0.0,-1.0,-1.0,0,0,0,0,0,0,0,0,0,0,0,0,0,0,0,0,0,0,0,2,0,0,0,0,0,0,0,0,0,0,0,0,0,0,5,2,0
/users/farah/cpmp/1.ck/easymock/core/src/main/java/org/easymock/internal/Result.java,org.easymock.internal.Result$1ReturningAnswer,innerclass,1,1,0,1,2,1,0,0,1,1.0,0.0,0.0,2,0,2,0,0,0,2,0,0,0,1,1,0,1,0,0,1,0,0,9,2,0,0,0,0,1,1,1,1,1,0,0,0,0,16,0,0
/users/farah/cpmp/1.ck/easymock/core/src/main/java/org/easymock/internal/matchers/Any.java,org.easymock.internal.matchers.Any,class,2,4,2,2,3,1,0,1,3,1.0,0.0,0.0,3,0,2,1,0,0,2,0,0,0,2,2,1,1,0,0,2,0,0,12,1,0,0,0,0,1,1,2,0,2,0,0,0,0,23,17,0
/users/farah/cpmp/1.ck/easymock/core/src/main/java/org/easymock/internal/MockBuilder.java,org.easymock.internal.MockBuilder,class,10,14,4,10,47,1,0,26,140,0.77777773,0.0,0.0,24,0,23,1,0,0,23,0,0,0,6,1,0,6,0,0,3,0,9,154,24,2,14,3,8,8,3,22,0,16,1,0,0,1,114,1,0
/users/farah/cpmp/1.ck/easymock/core/src/test/java/org/easymock/tests/LimitationsTest.java,org.easymock.tests.LimitationsTest$PrivateClass,innerclass,0,0,0,0,1,1,0,0,0,0.0,-1.0,-1.0,1,0,0,1,0,0,0,0,0,0,0,0,0,0,0,0,0,0,0,4,0,0,0,0,0,0,0,0,0,0,0,0,0,0,2,9,0
/users/farah/cpmp/1.ck/easymock/core/src/test/java/org/easymock/tests/IVarArgs.java,org.easymock.tests.IVarArgs,interface,8,13,5,8,10,1,0,0,45,0.0,0.0,0.0,10,0,0,0,0,10,10,0,0,0,0,0,0,0,0,0,0,0,0,12,0,0,0,0,0,0,0,0,0,0,0,0,0,0,25,1,0
/users/farah/cpmp/1.ck/easymock/core/src/samples/java/org/easymock/samples/AnnotatedMockWithRuleTest.java,org.easymock.samples.AnnotatedMockWithRuleTest,class,8,8,0,8,1,2,0,4,0,0.33333334,NaN,NaN,1,0,1,0,0,0,1,0,0,0,3,0,1,2,0,0,1,0,0,11,0,0,0,0,0,3,0,2,0,3,0,0,0,0,30,1,0
/users/farah/cpmp/1.ck/easymock/core/src/test/java/org/easymock/tests2/EasyMockAnnotationsTest.java,org.easymock.tests2.EasyMockAnnotationsTest$ToInjectDuplicateMocksTest,innerclass,4,4,0,4,0,1,0,0,0,NaN,-1.0,-1.0,0,0,0,0,0,0,0,0,0,0,3,0,0,0,3,0,0,0,0,5,0,0,0,0,0,2,0,1,0,3,0,0,0,0,11,10,0
/users/farah/cpmp/1.ck/easymock/core/src/test/java/org/easymock/tests/MockingTest.java,org.easymock.tests.MockingTest$ClassToMock,innerclass,0,0,0,0,2,1,0,0,1,0.0,0.0,0.0,2,0,2,0,0,0,2,0,0,0,0,0,0,0,0,0,0,0,0,8,2,0,0,0,0,0,2,0,0,0,0,0,0,0,5,9,0
/users/farah/cpmp/1.ck/easymock/core/src/main/java/org/easymock/internal/matchers/LessThan.java,org.easymock.internal.matchers.LessThan,class,2,4,2,2,4,2,0,0,3,1.0,0.0,0.0,3,0,1,0,2,0,3,0,0,0,1,1,0,1,0,0,1,0,0,12,2,0,0,0,0,1,2,1,0,1,0,0,0,0,23,1,0
/users/farah/cpmp/1.ck/easymock/core/src/test/java/org/easymock/tests/UsageCallCountTest.java,org.easymock.tests.UsageCallCountTest$VoidMethodInterface,interface,0,0,0,0,1,1,0,0,0,0.0,NaN,NaN,1,0,0,0,0,1,1,0,0,0,0,0,0,0,0,0,0,0,0,3,0,0,0,0,0,0,0,0,0,0,0,0,0,0,4,2,0
/users/farah/cpmp/1.ck/easymock/test-nodeps/src/test/java/org/itests/FilteringRule.java,org.itests.FilteringClassLoader,class,2,4,2,2,18,2,0,17,8,0.73333335,0.0,0.0,5,0,1,3,1,0,2,0,0,0,3,1,0,3,0,0,3,0,0,74,8,3,5,2,1,7,2,12,2,9,2,0,0,0,43,0,0
/users/farah/cpmp/1.ck/easymock/core/src/test/java/org/easymock/tests/NiceMockControlLongCompatibleReturnValueTest.java,org.easymock.tests.NiceMockControlLongCompatibleReturnValueTest,class,4,4,0,4,6,1,0,9,0,0.0,0.0,0.0,6,0,6,0,0,0,6,0,0,0,1,0,0,1,0,0,0,0,7,27,0,0,0,0,0,0,10,1,0,1,0,0,0,0,25,1,0
/users/farah/cpmp/1.ck/easymock/core/src/main/java/org/easymock/internal/matchers/GreaterOrEqual.java,org.easymock.internal.matchers.GreaterOrEqual,class,2,4,2,2,4,2,0,0,3,1.0,0.0,0.0,3,0,1,0,2,0,3,0,0,0,1,1,0,1,0,0,1,0,0,12,2,0,0,0,0,1,2,1,0,1,0,0,0,0,24,1,0
/users/farah/cpmp/1.ck/easymock/core/src/test/java/org/easymock/tests/InvocationTest.java,org.easymock.tests.InvocationTest$1NoToString,innerclass,0,0,0,0,2,1,0,0,1,0.5,0.0,0.0,2,0,2,0,0,0,2,0,0,0,1,0,0,1,0,0,1,0,0,8,0,0,0,0,0,0,0,1,0,1,0,0,0,0,6,0,0
/users/farah/cpmp/1.ck/easymock/core/src/samples/java/org/easymock/samples/EnclosedTest.java,org.easymock.samples.EnclosedTest,class,4,4,0,4,0,6,0,0,0,0.0,-1.0,-1.0,0,0,0,0,0,0,0,0,0,0,0,0,0,0,0,0,0,0,0,50,0,0,0,0,0,0,0,0,0,0,0,0,3,0,12,1,0
/users/farah/cpmp/1.ck/easymock/core/src/main/java/org/easymock/EasyMockListener.java,org.easymock.EasyMockListener,class,4,6,2,4,2,1,0,3,1,0.0,0.0,0.0,2,0,2,0,0,0,2,0,0,0,0,0,0,0,0,0,0,0,1,7,0,0,0,0,0,0,0,0,0,0,0,0,0,0,12,1,0
/users/farah/cpmp/1.ck/easymock/core/src/test/java/org/easymock/tests/GenericTest.java,org.easymock.tests.GenericTest$ConcreteFoo,innerclass,1,1,0,1,0,2,0,0,0,0.0,-1.0,-1.0,0,0,0,0,0,0,0,0,0,0,0,0,0,0,0,0,0,0,0,2,0,0,0,0,0,0,0,0,0,0,0,0,0,0,3,9,0
/users/farah/cpmp/1.ck/easymock/core/src/test/java/org/easymock/tests2/ChildEquals.java,org.easymock.tests2.ChildEquals,class,1,2,1,1,1,2,0,0,0,0.0,NaN,NaN,1,0,1,0,0,0,1,0,0,0,0,0,0,0,0,0,0,0,0,5,1,0,0,0,0,1,0,0,0,0,0,0,0,0,7,1,0
/users/farah/cpmp/1.ck/easymock/core/src/test/java/org/easymock/tests2/EasyMockAnnotationsTest.java,org.easymock.tests2.EasyMockAnnotationsTest$TypeDefinedUsingValue,innerclass,4,4,0,4,0,1,0,0,0,NaN,-1.0,-1.0,0,0,0,0,0,0,0,0,0,0,2,0,0,1,1,0,0,0,0,4,0,0,0,0,0,0,0,1,0,2,0,0,0,0,13,10,0
/users/farah/cpmp/1.ck/easymock/test-nodeps/src/test/java/org/itests/DependencyTest.java,org.itests.DependencyTest$IMethods,interface,0,0,0,0,1,1,0,0,0,0.0,NaN,NaN,1,0,0,0,0,1,1,0,0,0,0,0,0,0,0,0,0,0,0,3,0,0,0,0,0,0,0,0,0,0,0,0,0,0,6,1,0
/users/farah/cpmp/1.ck/easymock/core/src/test/java/org/easymock/tests2/PartialMockingTest.java,org.easymock.tests2.PartialMockingTest,class,8,8,0,8,8,1,0,20,28,0.0,0.0,0.0,8,0,8,0,0,0,8,0,0,0,0,0,0,0,0,0,0,0,8,66,0,0,0,0,0,8,5,8,0,8,0,0,3,3,67,1,0
/users/farah/cpmp/1.ck/easymock/core/src/test/java/org/easymock/internal/InjectorTest.java,org.easymock.internal.InjectorTest$InnerClass,innerclass,0,0,0,0,0,1,0,0,0,0.0,-1.0,-1.0,0,0,0,0,0,0,0,0,0,0,0,0,0,0,0,0,0,0,0,2,0,0,0,0,0,0,0,0,0,0,0,0,0,0,2,2,0
/users/farah/cpmp/1.ck/easymock/core/src/main/java/org/easymock/internal/Result.java,org.easymock.internal.Result,class,3,12,9,3,8,1,0,2,6,0.7083333,0.0,0.0,8,4,7,1,0,0,7,0,0,0,3,1,0,3,0,0,3,0,0,86,7,0,0,0,0,0,1,3,0,3,0,0,3,0,30,17,0
/users/farah/cpmp/1.ck/easymock/core/src/test/java/org/easymock/tests2/PartialMockingTest.java,org.easymock.tests2.PartialMockingTest$A,innerclass,0,0,0,0,3,1,0,0,3,0.6666667,0.0,0.0,3,0,0,1,2,0,2,1,0,0,2,0,2,0,0,0,0,0,0,11,0,0,0,0,0,0,0,2,0,2,0,0,0,0,4,1033,0
/users/farah/cpmp/1.ck/easymock/core/src/test/java/org/easymock/tests/MockingTest.java,org.easymock.tests.MockingTest,class,7,8,1,7,15,1,0,15,91,0.0,0.0,0.0,14,0,10,4,0,0,10,0,0,0,0,0,0,0,0,0,0,0,14,71,1,0,0,1,0,2,0,3,0,3,1,0,2,0,58,1,0
/users/farah/cpmp/1.ck/easymock/core/src/main/java/org/easymock/internal/MocksControl.java,org.easymock.internal.MocksControl,class,27,43,16,27,80,1,0,51,71,0.885965,0.0,0.0,38,5,36,2,0,0,36,0,0,0,9,6,3,6,0,0,5,0,15,310,23,0,5,24,0,13,5,21,4,16,3,0,0,0,156,1,0
/users/farah/cpmp/1.ck/easymock/core/src/test/java/org/easymock/tests2/EasyMockAnnotationsTest.java,org.easymock.tests2.EasyMockAnnotationsTest$ToInjectUnassignableFinalFieldQualifierTest,innerclass,4,4,0,4,0,1,0,0,0,NaN,-1.0,-1.0,0,0,0,0,0,0,0,0,0,0,2,0,0,0,2,0,0,0,0,4,0,0,0,0,0,2,0,1,0,2,0,0,0,0,12,10,0
/users/farah/cpmp/1.ck/easymock/core/src/test/java/org/easymock/tests2/MockedExceptionTest.java,org.easymock.tests2.MockedExceptionTest$MyException,innerclass,0,0,0,0,1,4,0,1,0,1.0,NaN,NaN,1,0,1,0,0,0,1,0,0,1,1,1,0,1,0,0,1,0,0,7,1,0,0,0,0,0,2,2,0,1,0,0,0,0,16,9,0
/users/farah/cpmp/1.ck/easymock/test-java8/src/test/java/org/easymock/java8/Methods.java,org.easymock.java8.Methods$B,innerclass,2,2,0,2,1,2,0,1,0,0.0,NaN,NaN,1,0,1,0,0,0,1,0,0,0,0,0,0,0,0,0,0,0,0,5,1,0,0,0,0,0,0,0,0,0,0,0,0,0,8,9,0
/users/farah/cpmp/1.ck/easymock/core/src/test/java/org/easymock/tests2/PartialMockingTest.java,org.easymock.tests2.PartialMockingTest$B,innerclass,1,1,0,1,2,1,0,1,0,0.0,0.0,0.0,2,0,1,0,0,1,2,0,0,0,1,0,0,0,0,1,0,0,0,9,0,0,0,0,0,0,0,2,0,1,0,0,0,0,4,9,0
/users/farah/cpmp/1.ck/easymock/test-deploy/src/test/java/org/easymock/test/EasyMockTest.java,org.easymock.test.EasyMockTest,class,3,3,0,3,2,1,0,11,1,0.0,0.0,0.0,2,0,2,0,0,0,2,0,0,0,0,0,0,0,0,0,0,0,8,16,0,0,0,0,0,2,2,2,0,2,0,0,0,0,30,1,0
/users/farah/cpmp/1.ck/easymock/core/src/test/java/org/easymock/tests2/PartialMockingTest.java,org.easymock.tests2.PartialMockingTest$C,innerclass,1,1,0,1,2,1,0,1,1,0.0,0.0,0.0,2,0,1,0,0,1,2,0,0,0,0,0,0,0,0,0,0,0,0,8,0,0,0,0,0,1,0,0,0,0,0,0,0,0,4,9,0
/users/farah/cpmp/1.ck/easymock/core/src/test/java/org/easymock/tests2/DelegateToTest.java,org.easymock.tests2.DelegateToTest$IMyInterface,interface,0,0,0,0,1,1,0,0,0,0.0,NaN,NaN,1,0,0,0,0,1,1,0,0,0,0,0,0,0,0,0,0,0,0,3,0,0,0,0,0,0,0,0,0,0,0,0,0,0,6,1,0
/users/farah/cpmp/1.ck/easymock/core/src/samples/java/org/easymock/samples/AnnotatedMockWithRunnerTest.java,org.easymock.samples.AnnotatedMockWithRunnerTest,class,8,8,0,8,1,2,0,4,0,0.0,NaN,NaN,1,0,1,0,0,0,1,0,0,0,2,0,0,2,0,0,1,0,0,10,0,0,0,0,0,3,0,1,0,2,0,0,0,0,30,1,0
/users/farah/cpmp/1.ck/easymock/test-java8/src/test/java/org/easymock/java8/IMethods.java,org.easymock.java8.IMethods,interface,0,6,6,0,2,1,0,0,1,0.0,0.0,0.0,2,0,0,0,0,2,2,0,0,0,0,0,0,0,0,0,0,0,0,6,1,0,0,0,0,0,1,0,0,0,0,0,0,0,8,1,0
/users/farah/cpmp/1.ck/easymock/test-testng/src/test/java/org/easymock/itests/EasyMockListenerTest.java,org.easymock.itests.EasyMockListenerTest,class,9,9,0,9,2,2,0,10,0,0.0,0.0,0.0,2,0,2,0,0,0,2,0,0,0,4,0,0,4,0,0,0,0,2,47,0,0,0,0,0,12,0,0,0,4,0,0,2,0,32,1,0
/users/farah/cpmp/1.ck/easymock/core/src/test/java/org/easymock/tests/DefaultClassInstantiatorTest.java,org.easymock.tests.DefaultClassInstantiatorTest$SerializableClass,innerclass,0,0,0,0,1,1,0,0,0,0.0,NaN,NaN,1,0,1,0,0,0,1,0,0,0,0,0,0,0,0,0,0,0,0,5,0,0,0,0,0,1,0,0,0,0,0,0,0,0,4,9,0
/users/farah/cpmp/1.ck/easymock/core/src/test/java/org/easymock/tests2/ClassExtensionHelperTest.java,org.easymock.tests2.ClassExtensionHelperTest,class,6,6,0,6,11,1,0,23,21,0.85714287,0.0,0.0,7,0,7,0,0,0,7,0,0,0,1,1,0,1,0,0,1,0,13,55,0,0,0,3,0,3,0,10,2,15,1,0,0,2,53,1,0
/users/farah/cpmp/1.ck/easymock/core/src/test/java/org/easymock/tests2/ConstructorArgsTest.java,org.easymock.tests2.ConstructorArgsTest$A,innerclass,0,0,0,0,1,1,0,0,0,1.0,NaN,NaN,1,0,1,0,0,0,1,0,0,0,1,1,0,1,0,0,1,0,0,5,0,0,0,0,0,0,0,1,0,1,0,0,0,0,7,9,0
/users/farah/cpmp/1.ck/easymock/core/src/main/java/org/easymock/internal/ExpectedInvocation.java,org.easymock.internal.ExpectedInvocation,class,5,14,9,5,24,1,0,22,0,0.5416667,0.0,0.0,8,0,6,2,0,0,6,0,0,0,3,1,0,3,0,0,3,0,0,67,10,3,9,0,3,12,2,8,1,8,2,0,0,0,69,1,0
/users/farah/cpmp/1.ck/easymock/core/src/samples/java/org/easymock/samples/BasicClassMockTest.java,org.easymock.samples.BasicClassMockTest,class,6,6,0,6,4,2,0,6,0,0.0,0.0,0.0,4,0,4,0,0,0,4,0,0,0,2,0,0,2,0,0,0,0,0,45,0,0,0,0,0,4,0,4,0,2,0,0,2,0,31,1,0
/users/farah/cpmp/1.ck/easymock/core/src/main/java/org/easymock/internal/Injector.java,org.easymock.internal.Injector,class,10,13,3,10,46,1,0,52,66,0.0,0.0,0.0,12,12,1,10,0,1,2,0,0,0,0,0,0,0,0,0,0,0,17,172,10,8,15,6,3,13,2,30,6,23,3,0,0,0,165,1,0
/users/farah/cpmp/1.ck/easymock/core/src/test/java/org/easymock/tests/UsageExpectAndDefaultThrowTest.java,org.easymock.tests.UsageExpectAndDefaultThrowTest,class,5,5,0,5,20,1,0,25,0,0.14285715,0.0,0.0,7,0,7,0,0,0,7,0,0,0,2,1,0,2,0,0,0,0,21,123,0,0,0,13,0,4,15,2,0,2,1,0,0,0,59,1,0
/users/farah/cpmp/1.ck/easymock/core/src/test/java/org/easymock/tests/UsageThrowableTest.java,org.easymock.tests.UsageThrowableTest$Anonymous2,anonymous,0,0,0,0,0,1,0,0,0,NaN,-1.0,-1.0,0,0,0,0,0,0,0,0,0,0,1,1,0,1,0,0,1,0,0,3,0,0,0,0,0,0,1,1,0,1,0,0,0,0,7,-1,0
/users/farah/cpmp/1.ck/easymock/core/src/test/java/org/easymock/tests/Component.java,org.easymock.tests.Component,class,0,1,1,0,3,1,0,0,3,0.0,0.0,0.0,3,0,1,0,1,1,3,0,0,0,0,0,0,0,0,0,0,0,0,11,3,0,0,0,0,3,0,0,0,0,0,0,0,0,7,1,0
/users/farah/cpmp/1.ck/easymock/core/src/test/java/org/easymock/tests/MockNameTest.java,org.easymock.tests.MockNameTest,class,3,3,0,3,1,1,0,3,0,0.0,NaN,NaN,1,0,1,0,0,0,1,0,0,0,0,0,0,0,0,0,0,0,1,8,0,0,0,0,0,1,0,3,1,3,0,0,0,0,14,1,0
/users/farah/cpmp/1.ck/easymock/core/src/test/java/org/easymock/tests/UsageThrowableTest.java,org.easymock.tests.UsageThrowableTest$Anonymous1,anonymous,0,0,0,0,0,1,0,0,0,NaN,-1.0,-1.0,0,0,0,0,0,0,0,0,0,0,1,1,0,1,0,0,1,0,0,3,0,0,0,0,0,0,1,1,0,1,0,0,0,0,7,-1,0
/users/farah/cpmp/1.ck/easymock/core/src/test/java/org/easymock/tests2/EasyMockClassExtensionTest.java,org.easymock.tests2.EasyMockClassExtensionTest$ParamEntry,innerclass,5,5,0,5,8,1,0,9,0,0.4,0.0,0.0,5,0,1,0,0,4,5,0,0,0,2,0,0,0,0,2,0,0,4,29,3,0,1,0,0,0,1,3,0,3,1,0,0,0,21,10,0
/users/farah/cpmp/1.ck/easymock/core/src/test/java/org/easymock/tests/TypingTest.java,org.easymock.tests.TypingTest,class,5,5,0,5,8,1,0,60,0,0.0,0.0,0.0,7,0,7,0,0,0,7,0,0,0,1,0,0,1,0,0,0,0,43,91,0,0,0,1,0,33,0,69,0,5,1,0,0,0,41,1,0
/users/farah/cpmp/1.ck/easymock/core/src/test/java/org/easymock/tests/UsageThrowableTest.java,org.easymock.tests.UsageThrowableTest$Anonymous3,anonymous,0,0,0,0,0,1,0,0,0,NaN,-1.0,-1.0,0,0,0,0,0,0,0,0,0,0,1,1,0,1,0,0,1,0,0,3,0,0,0,0,0,0,1,1,0,1,0,0,0,0,7,-1,0
/users/farah/cpmp/1.ck/easymock/core/src/samples/java/org/easymock/samples/BasicClassMockTest.java,org.easymock.samples.BasicClassMockTest$Printer,innerclass,0,0,0,0,1,1,0,0,0,0.0,NaN,NaN,1,0,1,0,0,0,1,1,0,0,0,0,0,0,0,0,0,0,0,3,0,0,0,0,0,0,0,0,0,0,0,0,0,0,7,1033,0
/users/farah/cpmp/1.ck/easymock/bench/src/main/java/org/easymock/benchmark/EasyMockBenchmark.java,org.easymock.benchmark.EasyMockBenchmark,class,8,8,0,8,2,1,0,1,1,0.5,0.0,0.0,2,0,2,0,0,0,2,0,0,0,2,0,0,2,0,0,0,0,2,10,2,0,0,0,0,0,5,2,0,2,0,0,0,0,12,1,0
/users/farah/cpmp/1.ck/easymock/core/src/test/java/org/easymock/tests/DefaultClassInstantiatorTest.java,org.easymock.tests.DefaultClassInstantiatorTest$ProtectedConstructorClass,innerclass,0,0,0,0,1,1,0,0,0,0.0,NaN,NaN,1,0,0,0,1,0,1,0,0,0,0,0,0,0,0,0,0,0,0,4,0,0,0,0,0,0,0,0,0,0,0,0,0,0,3,9,0
/users/farah/cpmp/1.ck/easymock/test-nodeps/src/test/java/org/main/Main.java,org.main.Main,interface,1,2,1,1,1,1,0,0,0,0.0,NaN,NaN,1,0,0,0,0,1,1,0,0,0,0,0,0,0,0,0,0,0,0,3,0,0,0,0,0,0,0,0,0,0,0,0,0,0,5,1,0
/users/farah/cpmp/1.ck/easymock/test-java8/src/test/java/org/easymock/java8/Methods.java,org.easymock.java8.Methods,class,2,2,0,2,0,2,0,0,0,0.0,-1.0,-1.0,0,0,0,0,0,0,0,0,0,0,0,0,0,0,0,0,0,0,0,25,0,0,0,0,0,0,0,0,0,0,0,0,4,0,3,1,0
/users/farah/cpmp/1.ck/easymock/core/src/test/java/org/easymock/tests/GenericTest.java,org.easymock.tests.GenericTest$GenericHolder,innerclass,2,2,0,2,2,1,0,1,1,0.0,0.0,0.0,2,0,0,0,0,2,2,1,0,0,0,0,0,0,0,0,0,0,0,6,0,0,0,0,0,0,0,0,0,0,0,0,0,0,4,1032,0
/users/farah/cpmp/1.ck/easymock/core/src/samples/java/org/easymock/samples/EnclosedTest.java,org.easymock.samples.EnclosedTest$VoteRemoval,innerclass,10,10,0,10,3,3,0,11,3,0.0,0.0,0.0,3,0,3,0,0,0,3,0,0,0,0,0,0,0,0,0,0,0,2,20,0,0,0,0,0,10,2,0,0,0,0,0,0,0,14,9,0
/users/farah/cpmp/1.ck/easymock/core/src/test/java/org/easymock/tests2/CaptureTest.java,org.easymock.tests2.CaptureTest$A,innerclass,1,1,0,1,1,1,0,1,0,0.0,NaN,NaN,1,0,1,0,0,0,1,0,0,0,0,0,0,0,0,0,0,0,0,5,1,0,0,0,0,0,1,0,0,0,0,0,0,0,5,9,0
/users/farah/cpmp/1.ck/easymock/core/src/test/java/org/easymock/tests2/MockBuilderTest.java,org.easymock.tests2.MockBuilderTest$EmptyConstructor,innerclass,0,0,0,0,1,1,0,0,0,0.0,NaN,NaN,1,0,1,0,0,0,1,0,0,0,1,0,0,1,0,0,1,0,0,6,0,0,0,0,0,1,0,1,0,1,0,0,0,0,4,9,0
/users/farah/cpmp/1.ck/easymock/core/src/test/java/org/easymock/tests/ClassInstantiatorFactoryTest.java,org.easymock.tests.ClassInstantiatorFactoryTest,class,6,6,0,6,5,1,0,7,10,0.0,0.0,0.0,5,0,5,0,0,0,5,0,0,0,0,0,0,0,0,0,0,0,9,23,0,0,0,0,0,1,0,3,0,3,0,0,0,0,23,1,0
/users/farah/cpmp/1.ck/easymock/core/src/test/java/org/easymock/tests/UsageOverloadedMethodTest.java,org.easymock.tests.UsageOverloadedMethodTest,class,5,5,0,5,7,1,0,21,0,0.0,0.0,0.0,4,0,4,0,0,0,4,0,0,0,1,0,0,1,0,0,0,0,26,88,0,0,0,3,0,63,31,1,0,1,1,0,0,0,36,1,0
/users/farah/cpmp/1.ck/easymock/core/src/test/java/org/easymock/tests/InvocationTest.java,org.easymock.tests.InvocationTest$1ToString,innerclass,0,0,0,0,3,1,0,0,1,0.33333334,0.0,0.0,3,0,3,0,0,0,3,0,0,0,1,0,0,1,0,0,1,0,0,11,1,0,0,0,0,0,0,1,0,1,0,0,0,0,6,0,0
/users/farah/cpmp/1.ck/easymock/core/src/test/java/org/easymock/tests/GenericTest.java,org.easymock.tests.GenericTest$AbstractFoo,innerclass,0,0,0,0,1,1,0,1,0,0.0,NaN,NaN,1,0,1,0,0,0,1,0,0,0,0,0,0,0,0,0,0,0,0,6,1,0,0,0,0,1,0,0,0,0,0,0,0,0,8,1032,0
/users/farah/cpmp/1.ck/easymock/core/src/samples/java/org/easymock/samples/ClassTested.java,org.easymock.samples.ClassTested,class,2,11,9,2,16,1,0,13,0,0.5,0.0,0.0,9,0,4,5,0,0,4,0,0,0,2,0,0,2,0,0,1,0,0,53,7,1,0,0,0,0,2,3,0,3,1,0,0,0,29,1,0
/users/farah/cpmp/1.ck/easymock/core/src/samples/java/org/easymock/samples/ExampleTest.java,org.easymock.samples.ExampleTest$Anonymous1,anonymous,0,0,0,0,1,1,0,1,0,1.0,NaN,NaN,1,0,1,0,0,0,1,0,0,0,1,1,0,1,0,0,1,0,1,6,1,0,0,0,0,0,1,1,0,1,0,0,0,0,9,-1,0
/users/farah/cpmp/1.ck/easymock/core/src/test/java/org/easymock/tests/ExpectedMethodCallTest.java,org.easymock.tests.ExpectedMethodCallTest,class,4,4,0,4,3,1,0,5,0,0.0,0.0,0.0,2,0,2,0,0,0,2,0,0,0,1,0,0,1,0,0,0,0,0,17,0,0,0,1,0,3,0,3,0,3,1,0,0,0,25,1,0
/users/farah/cpmp/1.ck/easymock/core/src/test/java/org/easymock/tests/RecordStateInvalidUsageTest.java,org.easymock.tests.RecordStateInvalidUsageTest,class,5,5,0,5,7,1,0,8,4,0.5,0.0,0.0,4,0,4,0,0,0,4,0,0,0,1,0,0,1,0,0,0,0,4,33,0,0,0,3,0,6,0,1,0,1,1,0,0,0,45,1,0
/users/farah/cpmp/1.ck/easymock/core/src/main/java/org/easymock/internal/ObjenesisClassInstantiator.java,org.easymock.internal.ObjenesisClassInstantiator,class,1,3,2,1,1,1,0,1,0,0.0,NaN,NaN,1,0,1,0,0,0,1,0,0,0,0,0,0,0,0,0,0,0,0,5,1,0,0,0,0,0,0,0,0,0,0,0,0,0,10,1,0
/users/farah/cpmp/1.ck/easymock/core/src/test/java/org/easymock/tests2/NameTest.java,org.easymock.tests2.NameTest,class,4,4,0,4,8,1,0,10,6,0.0,0.0,0.0,4,0,4,0,0,0,4,0,0,0,0,0,0,0,0,0,0,0,12,55,0,0,0,4,0,8,0,13,0,13,1,0,0,0,28,1,0
/users/farah/cpmp/1.ck/easymock/core/src/main/java/org/easymock/internal/ExpectedInvocationAndResults.java,org.easymock.internal.ExpectedInvocationAndResults,class,2,3,1,2,4,1,0,2,0,0.5,0.0,0.0,4,0,4,0,0,0,4,0,0,0,3,1,0,3,0,0,3,0,0,18,3,0,0,0,0,1,1,3,1,3,0,0,0,0,19,1,0
/users/farah/cpmp/1.ck/easymock/core/src/test/java/org/easymock/tests2/MocksControlDefaultMethodsTest.java,org.easymock.tests2.MocksControlDefaultMethodsTest,class,7,8,1,7,10,1,0,6,28,0.0,0.0,0.0,8,0,6,2,0,0,6,0,0,0,0,0,0,0,0,0,0,0,3,40,2,0,0,1,1,14,0,2,2,4,1,0,2,2,56,1,0
/users/farah/cpmp/1.ck/easymock/core/src/samples/java/org/easymock/samples/PartialClassMockTest.java,org.easymock.samples.PartialClassMockTest$Rect,innerclass,1,1,0,1,5,1,0,2,6,0.6,0.0,0.0,5,0,5,0,0,0,5,0,0,0,2,0,0,2,0,0,0,0,0,19,3,0,0,0,0,0,0,2,1,2,0,0,0,0,8,9,0
/users/farah/cpmp/1.ck/easymock/core/src/test/java/org/easymock/tests2/AutoInstantiationTest.java,org.easymock.tests2.AutoInstantiationTest$ToInjectWithoutConstructors,innerclass,1,1,0,1,0,1,0,0,0,NaN,-1.0,-1.0,0,0,0,0,0,0,0,0,0,0,1,0,0,1,0,0,0,0,0,3,0,0,0,0,0,0,0,0,0,1,0,0,0,0,7,9,0
/users/farah/cpmp/1.ck/easymock/core/src/main/java/org/easymock/EasyMockSupport.java,org.easymock.EasyMockSupport$ObjectMockingHelper,innerclass,0,0,0,0,1,1,0,3,0,0.0,NaN,NaN,1,1,1,0,0,0,1,0,0,0,0,0,0,0,0,0,0,0,0,5,1,0,0,0,0,1,0,0,0,0,0,0,0,0,22,10,0
/users/farah/cpmp/1.ck/easymock/core/src/test/java/org/easymock/internal/ClassMockingDataTest.java,org.easymock.internal.ClassMockingDataTest,class,5,6,1,5,7,1,0,12,3,0.33333334,0.0,0.0,6,1,0,2,0,4,4,0,0,0,4,0,0,4,0,0,4,0,3,60,2,0,0,3,0,3,2,14,0,17,1,0,1,1,42,0,0
/users/farah/cpmp/1.ck/easymock/core/src/test/java/org/easymock/tests/ReplayStateInvalidCallsTest.java,org.easymock.tests.ReplayStateInvalidCallsTest,class,6,6,0,6,17,1,0,14,0,0.44117647,0.0,0.0,17,0,17,0,0,0,17,0,0,0,2,0,0,2,0,0,0,0,0,56,0,0,0,0,0,2,2,2,0,2,0,0,0,0,43,1,0
/users/farah/cpmp/1.ck/easymock/core/src/main/java/org/easymock/internal/RuntimeExceptionWrapper.java,org.easymock.internal.RuntimeExceptionWrapper,class,0,7,7,0,2,4,0,0,0,0.5,0.0,0.0,2,0,2,0,0,0,2,0,0,0,2,1,0,2,0,0,2,0,0,10,1,0,0,0,0,0,1,2,0,2,0,0,0,0,14,1,0
/users/farah/cpmp/1.ck/easymock/core/src/test/java/org/easymock/internal/ThrowingNoArgConstructor.java,org.easymock.internal.ThrowingNoArgConstructor,class,0,1,1,0,1,1,0,0,0,0.0,NaN,NaN,1,0,1,0,0,0,1,0,0,0,0,0,0,0,0,0,0,0,0,5,0,0,0,0,0,1,0,0,0,0,0,0,0,0,6,1,0
/users/farah/cpmp/1.ck/easymock/core/src/test/java/org/easymock/tests/RecordStateInvalidDefaultThrowableTest.java,org.easymock.tests.RecordStateInvalidDefaultThrowableTest$CheckedException,innerclass,0,0,0,0,0,3,0,0,0,NaN,-1.0,-1.0,0,0,0,0,0,0,0,0,0,0,1,1,0,1,0,0,1,0,0,3,0,0,0,0,0,0,1,1,0,1,0,0,0,0,9,2,0
/users/farah/cpmp/1.ck/easymock/core/src/test/java/org/easymock/tests/DefaultClassInstantiatorTest.java,org.easymock.tests.DefaultClassInstantiatorTest$ObjectParamClass,innerclass,1,1,0,1,1,1,0,0,0,0.0,NaN,NaN,1,0,1,0,0,0,1,0,0,0,0,0,0,0,0,0,0,0,0,4,0,0,0,0,0,0,0,0,0,0,0,0,0,0,4,9,0
/users/farah/cpmp/1.ck/easymock/test-testng/src/test/java/org/easymock/itests/EasyMockListenerTest.java,org.easymock.itests.EasyMockListenerTest$ToInjectMocksTest,innerclass,8,8,0,8,1,1,0,2,0,0.0,NaN,NaN,1,0,1,0,0,0,1,0,0,0,3,0,0,0,3,0,0,0,0,13,0,0,0,0,0,0,0,1,0,3,0,0,0,0,18,9,0
/users/farah/cpmp/1.ck/easymock/test-testng/src/test/java/org/easymock/itests/IVarArgs.java,org.easymock.itests.IVarArgs,interface,8,10,2,8,10,1,0,0,45,0.0,0.0,0.0,10,0,0,0,0,10,10,0,0,0,0,0,0,0,0,0,0,0,0,12,0,0,0,0,0,0,0,0,0,0,0,0,0,0,25,1,0
/users/farah/cpmp/1.ck/easymock/test-testng/src/test/java/org/easymock/itests/IMethods.java,org.easymock.itests.IMethods,interface,8,11,3,8,39,1,0,0,741,0.0,0.0,0.0,39,0,0,0,0,39,39,0,0,0,0,0,0,0,0,0,0,0,0,41,0,0,0,0,0,0,0,0,0,0,0,0,0,0,39,1,0
/users/farah/cpmp/1.ck/easymock/core/src/test/java/org/easymock/tests/LimitationsTest.java,org.easymock.tests.LimitationsTest,class,6,6,0,6,7,1,0,10,10,0.0,0.0,0.0,5,0,5,0,0,0,5,0,0,0,0,0,0,0,0,0,0,0,8,45,0,0,0,2,0,2,2,3,0,3,1,0,3,0,37,1,0
/users/farah/cpmp/1.ck/easymock/core/src/test/java/org/easymock/tests/GenericTest.java,org.easymock.tests.GenericTest$StringHolder,innerclass,1,1,0,1,1,2,0,0,0,0.0,NaN,NaN,1,0,0,0,0,1,1,0,0,0,1,0,0,1,0,0,0,0,0,6,0,0,0,0,0,0,0,1,0,1,0,0,0,0,4,9,0
/users/farah/cpmp/1.ck/easymock/core/src/test/java/org/easymock/tests2/EasyMockRunnerTest.java,org.easymock.tests2.EasyMockRunnerTest,class,3,3,0,3,0,3,0,0,0,0.0,-1.0,-1.0,0,0,0,0,0,0,0,0,0,0,0,0,0,0,0,0,0,0,0,2,0,0,0,0,0,0,0,0,0,0,0,0,0,0,17,1,0
/users/farah/cpmp/1.ck/easymock/core/src/test/java/org/easymock/tests/RecordStateInvalidReturnValueTest.java,org.easymock.tests.RecordStateInvalidReturnValueTest,class,5,5,0,5,7,1,0,12,0,0.0,0.0,0.0,4,0,4,0,0,0,4,0,0,0,1,0,0,1,0,0,0,0,4,34,0,0,0,3,0,6,1,1,0,1,1,0,0,0,39,1,0
/users/farah/cpmp/1.ck/easymock/core/src/test/java/org/easymock/tests/ConstructorTest.java,org.easymock.tests.ConstructorTest$FooClass,innerclass,0,0,0,0,1,1,0,1,0,0.0,NaN,NaN,1,0,1,0,0,0,1,0,0,0,0,0,0,0,0,0,0,0,0,5,0,0,0,0,0,0,0,0,0,0,0,0,0,0,4,9,0
/users/farah/cpmp/1.ck/easymock/core/src/test/java/org/easymock/tests/UsageUnorderedTest.java,org.easymock.tests.UsageUnorderedTest$Interface,interface,0,0,0,0,1,1,0,0,0,0.0,NaN,NaN,1,0,0,0,0,1,1,0,0,0,0,0,0,0,0,0,0,0,0,3,0,0,0,0,0,0,0,0,0,0,0,0,0,0,3,1,0
/users/farah/cpmp/1.ck/easymock/core/src/test/java/org/easymock/internal/ClassProxyFactoryTest.java,org.easymock.internal.ClassProxyFactoryTest,class,7,8,1,7,4,1,0,26,6,0.0,0.0,0.0,4,0,1,0,0,3,4,0,0,0,0,0,0,0,0,0,0,0,6,35,1,0,0,0,0,1,4,10,0,19,1,0,0,3,51,1,0
/users/farah/cpmp/1.ck/easymock/core/src/test/java/org/easymock/tests2/EasyMockAnnotationsTest.java,org.easymock.tests2.EasyMockAnnotationsTest$ToInjectQualifiedAndUnqualifiedTest,innerclass,4,4,0,4,0,1,0,0,0,NaN,-1.0,-1.0,0,0,0,0,0,0,0,0,0,0,3,0,0,0,3,0,0,0,0,5,0,0,0,0,0,3,0,1,0,3,0,0,0,0,14,10,0
/users/farah/cpmp/1.ck/easymock/core/src/main/java/org/easymock/MockType.java,org.easymock.MockType,enum,0,10,10,0,0,1,0,0,0,0.0,-1.0,-1.0,0,0,0,0,0,0,0,0,0,0,0,0,0,0,0,0,0,0,0,4,0,0,0,0,0,0,0,0,0,0,0,0,0,0,38,1,0
/users/farah/cpmp/1.ck/easymock/core/src/main/java/org/easymock/internal/InjectionTarget.java,org.easymock.internal.InjectionTarget,class,1,2,1,1,5,1,0,7,0,0.0,0.0,0.0,4,0,4,0,0,0,4,0,0,0,1,0,0,1,0,0,1,0,0,22,2,0,0,1,0,0,0,1,0,1,1,0,0,0,57,1,0
/users/farah/cpmp/1.ck/easymock/core/src/test/java/org/easymock/tests2/DelegateToTest.java,org.easymock.tests2.DelegateToTest,class,5,5,0,5,11,1,0,16,21,0.0,0.0,0.0,7,0,7,0,0,0,7,0,0,0,0,0,0,0,0,0,0,0,27,120,0,0,0,4,0,13,50,11,0,12,1,3,2,1,52,1,0
/users/farah/cpmp/1.ck/easymock/core/src/test/java/org/easymock/tests/MatchableArgumentsTest.java,org.easymock.tests.MatchableArgumentsTest,class,4,4,0,4,2,1,0,2,0,0.0,0.0,0.0,2,0,2,0,0,0,2,0,0,0,2,0,0,2,0,0,0,0,0,15,0,0,0,0,0,4,0,6,0,6,0,0,0,0,25,1,0
/users/farah/cpmp/1.ck/easymock/core/src/test/java/org/easymock/tests/UsageLongCompatibleReturnValueTest.java,org.easymock.tests.UsageLongCompatibleReturnValueTest,class,5,5,0,5,6,1,0,25,0,0.0,0.0,0.0,6,0,6,0,0,0,6,0,0,0,1,0,0,1,0,0,0,0,26,51,0,0,0,0,0,0,45,1,0,1,0,0,0,0,28,1,0
/users/farah/cpmp/1.ck/easymock/core/src/test/java/org/easymock/internal/ClassMockingDataTest.java,org.easymock.internal.ClassMockingDataTest$A,innerclass,0,0,0,0,3,1,0,0,3,0.0,0.0,0.0,3,0,3,0,0,0,3,1,0,0,0,0,0,0,0,0,0,0,0,9,2,0,0,0,0,0,2,0,0,0,0,0,0,0,4,1033,0
/users/farah/cpmp/1.ck/easymock/core/src/test/java/org/easymock/tests/ConstructorTest.java,org.easymock.tests.ConstructorTest,class,6,7,1,6,3,3,0,9,3,0.0,0.0,0.0,3,0,2,1,0,0,2,0,0,0,0,0,0,0,0,0,0,0,4,29,0,0,0,0,0,0,0,1,0,1,0,0,3,0,41,1,0
/users/farah/cpmp/1.ck/easymock/core/src/main/java/org/easymock/internal/matchers/NotNull.java,org.easymock.internal.matchers.NotNull,class,2,4,2,2,4,1,0,1,3,1.0,0.0,0.0,3,0,2,1,0,0,2,0,0,0,2,2,1,1,0,0,2,0,0,12,1,0,1,0,0,1,1,2,0,2,0,0,0,0,25,17,0
/users/farah/cpmp/1.ck/easymock/core/src/main/java/org/easymock/internal/matchers/Or.java,org.easymock.internal.matchers.Or,class,1,3,2,1,7,1,0,6,0,0.5,0.0,0.0,3,0,3,0,0,0,3,0,0,0,2,1,0,2,0,0,2,0,0,25,2,2,0,0,0,3,1,3,0,3,2,0,0,0,26,1,0
/users/farah/cpmp/1.ck/easymock/core/src/test/java/org/easymock/internal/InjectorTest.java,org.easymock.internal.InjectorTest,class,7,8,1,7,8,1,0,11,21,1.0,0.0,0.0,7,0,6,1,0,0,6,0,0,0,6,0,0,6,0,0,0,0,3,46,1,0,0,1,0,11,0,6,0,12,1,0,2,3,51,1,0
/users/farah/cpmp/1.ck/easymock/core/src/test/java/org/easymock/tests/DefaultClassInstantiatorTest.java,org.easymock.tests.DefaultClassInstantiatorTest$PrivateConstructorClass,innerclass,0,0,0,0,1,1,0,0,0,0.0,-1.0,-1.0,1,0,0,1,0,0,0,0,0,0,0,0,0,0,0,0,0,0,0,4,0,0,0,0,0,0,0,0,0,0,0,0,0,0,3,9,0
/users/farah/cpmp/1.ck/easymock/core/src/test/java/org/easymock/tests/UsageVerifyTest.java,org.easymock.tests.UsageVerifyTest,class,7,7,0,7,28,1,0,21,0,0.0,0.0,0.0,9,0,9,0,0,0,9,0,0,0,1,0,0,1,0,0,0,0,34,169,0,0,0,18,0,52,11,8,10,7,1,0,0,0,59,1,0
/users/farah/cpmp/1.ck/easymock/core/src/main/java/org/easymock/internal/IProxyFactory.java,org.easymock.internal.IProxyFactory,interface,2,6,4,2,2,1,0,0,1,0.0,0.0,0.0,2,0,0,0,0,2,2,0,0,0,0,0,0,0,0,0,0,0,0,4,0,0,0,0,0,0,0,0,0,0,0,0,0,0,49,1,0
/users/farah/cpmp/1.ck/easymock/core/src/test/java/org/easymock/tests2/CompareToTest.java,org.easymock.tests2.CompareToTest,class,8,9,1,8,7,1,0,9,21,0.0,0.0,0.0,7,0,6,1,0,0,6,0,0,0,0,0,0,0,0,0,0,0,0,41,0,0,0,0,0,16,1,3,1,3,0,1,0,0,29,1,0
/users/farah/cpmp/1.ck/easymock/core/src/test/java/org/easymock/tests/MockClassControlTest.java,org.easymock.tests.MockClassControlTest$ClassToMock,innerclass,0,0,0,0,0,1,0,0,0,0.0,-1.0,-1.0,0,0,0,0,0,0,0,0,0,0,0,0,0,0,0,0,0,0,0,2,0,0,0,0,0,0,0,0,0,0,0,0,0,0,22,9,0
/users/farah/cpmp/1.ck/easymock/core/src/main/java/org/easymock/internal/BridgeMethodResolver.java,org.easymock.internal.BridgeMethodResolver,class,1,5,4,1,77,1,0,49,120,0.0,NaN,NaN,16,15,1,15,0,0,1,0,0,0,0,0,0,0,0,0,0,0,26,232,25,14,17,0,12,6,9,54,1,40,4,0,0,0,244,17,0
/users/farah/cpmp/1.ck/easymock/core/src/test/java/org/easymock/tests2/EasyMockAnnotationsTest.java,org.easymock.tests2.EasyMockAnnotationsTest$ToInjectOneTarget,innerclass,1,1,0,1,0,1,0,0,0,NaN,-1.0,-1.0,0,0,0,0,0,0,0,0,0,0,1,0,0,0,1,0,0,0,0,3,0,0,0,0,0,0,0,0,0,1,0,0,0,0,7,10,0
/users/farah/cpmp/1.ck/easymock/core/src/main/java/org/easymock/internal/ClassProxyFactory.java,org.easymock.internal.ClassProxyFactory$MockMethodInterceptor,innerclass,13,13,0,13,10,1,0,11,3,1.0,0.0,0.0,3,3,2,1,0,0,2,0,0,0,1,1,0,1,0,0,1,0,3,27,6,0,2,0,0,3,2,3,1,1,2,0,0,0,42,9,0
/users/farah/cpmp/1.ck/easymock/core/src/main/java/org/easymock/EasyMockRunner.java,org.easymock.EasyMockRunner,class,4,9,5,4,2,2,0,2,1,0.0,0.0,0.0,2,0,1,0,1,0,2,0,0,0,0,0,0,0,0,0,0,0,1,9,1,0,0,0,0,0,0,0,0,0,0,0,0,0,55,1,0
/users/farah/cpmp/1.ck/easymock/core/src/test/java/org/easymock/tests2/MocksControlTest.java,org.easymock.tests2.MocksControlTest,class,7,8,1,7,8,1,0,19,28,0.0,0.0,0.0,8,0,7,1,0,0,7,0,0,0,0,0,0,0,0,0,0,0,20,81,0,0,0,0,0,23,16,16,0,16,0,0,1,0,44,1,0
/users/farah/cpmp/1.ck/easymock/test-osgi/src/test/java/org/easymock/itests/OsgiTest.java,org.easymock.itests.OsgiTest,class,9,9,0,9,6,2,0,20,15,0.0,0.0,0.0,6,0,6,0,0,0,6,0,0,0,0,0,0,0,0,0,0,0,5,39,0,0,0,0,0,8,2,4,0,4,0,0,1,0,73,1,0
/users/farah/cpmp/1.ck/easymock/core/src/test/java/org/easymock/tests/ByteBuddyTest.java,org.easymock.tests.ByteBuddyTest$Anonymous1,anonymous,0,0,0,0,1,1,0,1,0,0.0,NaN,NaN,1,0,1,0,0,0,1,0,0,0,0,0,0,0,0,0,0,0,0,5,1,0,0,0,0,0,0,0,0,0,0,0,0,0,5,-1,0
/users/farah/cpmp/1.ck/easymock/core/src/test/java/org/easymock/tests/RecordStateInvalidThrowableTest.java,org.easymock.tests.RecordStateInvalidThrowableTest,class,6,6,0,6,7,3,0,10,0,0.0,0.0,0.0,4,0,4,0,0,0,4,0,0,0,1,0,0,1,0,0,0,0,4,39,0,0,0,3,0,6,1,1,2,1,1,0,1,0,40,1,0
/users/farah/cpmp/1.ck/easymock/core/src/samples/java/org/easymock/samples/EnclosedTest.java,org.easymock.samples.EnclosedTest$Fixtures,innerclass,5,5,0,5,0,2,0,0,0,NaN,-1.0,-1.0,0,0,0,0,0,0,0,0,0,0,2,0,0,0,0,2,0,0,0,4,0,0,0,0,0,0,0,1,0,2,0,0,0,0,11,1033,0
/users/farah/cpmp/1.ck/easymock/core/src/main/java/org/easymock/Capture.java,org.easymock.Capture,class,3,8,5,3,20,1,0,9,9,0.7,0.0,0.0,10,2,8,2,0,0,8,0,0,0,3,1,0,3,0,0,3,0,1,66,8,0,1,0,0,4,6,3,2,3,2,0,0,0,91,1,0
/users/farah/cpmp/1.ck/easymock/core/src/samples/java/org/easymock/samples/EnclosedTest.java,org.easymock.samples.EnclosedTest$VoteRemovals,innerclass,10,10,0,10,3,3,0,11,3,0.0,0.0,0.0,3,0,3,0,0,0,3,0,0,0,0,0,0,0,0,0,0,0,2,24,0,0,0,0,0,20,2,0,0,0,0,0,0,0,14,9,0
/users/farah/cpmp/1.ck/easymock/core/src/samples/java/org/easymock/samples/SupportDelegationTest.java,org.easymock.samples.SupportDelegationTest,class,8,8,0,8,3,1,0,14,0,0.22222222,0.0,0.0,3,0,3,0,0,0,3,0,0,0,3,0,0,3,0,0,0,0,1,28,0,0,0,0,0,9,1,5,0,4,0,0,0,0,27,1,0
/users/farah/cpmp/1.ck/easymock/core/src/test/java/org/easymock/tests2/CallbackTest.java,org.easymock.tests2.CallbackTest,class,7,7,0,7,6,1,0,14,0,0.0,0.0,0.0,2,0,2,0,0,0,2,0,0,0,1,0,0,1,0,0,0,0,6,62,0,0,0,4,0,13,5,4,0,4,1,0,1,0,28,1,0
/users/farah/cpmp/1.ck/easymock/core/src/main/java/org/easymock/internal/EasyMockProperties.java,org.easymock.internal.EasyMockProperties,class,1,7,6,1,16,1,0,14,9,0.7142857,0.0,0.0,7,1,4,3,0,0,4,0,0,0,3,2,0,3,0,0,2,0,1,64,6,0,5,3,0,7,0,8,2,5,3,0,0,0,88,17,0
/users/farah/cpmp/1.ck/easymock/core/src/test/java/org/easymock/tests/CapturesMatcherTest.java,org.easymock.tests.CapturesMatcherTest,class,8,9,1,8,4,1,0,14,0,0.6666667,0.0,0.0,4,0,3,1,0,0,3,0,0,0,3,0,0,3,0,0,2,0,3,29,0,0,0,0,0,5,2,3,0,3,0,0,0,0,25,1,0
/users/farah/cpmp/1.ck/easymock/core/src/main/java/org/easymock/EasyMock.java,org.easymock.EasyMock,class,40,135,95,40,182,1,0,48,11781,0.995671,0.0,0.0,154,153,149,5,0,0,149,0,0,0,3,3,3,0,0,0,3,0,166,667,143,8,2,8,0,11,93,13,2,13,2,0,0,0,386,1,0
/users/farah/cpmp/1.ck/easymock/core/src/test/java/org/easymock/internal/InjectorTest.java,org.easymock.internal.InjectorTest$StaticClass,innerclass,0,0,0,0,0,1,0,0,0,0.0,-1.0,-1.0,0,0,0,0,0,0,0,0,0,0,0,0,0,0,0,0,0,0,0,2,0,0,0,0,0,0,0,0,0,0,0,0,0,0,2,10,0
/users/farah/cpmp/1.ck/easymock/core/src/test/java/org/easymock/tests/MethodSerializationWrapperTest.java,org.easymock.tests.MethodSerializationWrapperTest$A,innerclass,1,1,0,1,1,1,0,0,0,0.0,NaN,NaN,1,0,1,0,0,0,1,0,0,0,0,0,0,0,0,0,0,0,0,4,0,0,0,0,0,0,0,0,0,0,0,0,0,0,3,9,0
/users/farah/cpmp/1.ck/easymock/core/src/test/java/org/easymock/tests/LimitationsTest.java,org.easymock.tests.LimitationsTest$NativeClass,innerclass,0,0,0,0,1,1,0,0,0,0.0,NaN,NaN,1,0,1,0,0,0,1,0,0,0,0,0,0,0,0,0,0,0,0,3,0,0,0,0,0,0,0,0,0,0,0,0,0,0,3,9,0
/users/farah/cpmp/1.ck/easymock/core/src/test/java/org/easymock/tests2/EasyMockSupportTest.java,org.easymock.tests2.EasyMockSupportTest,class,9,10,1,9,28,2,0,42,0,0.05263158,0.0,0.0,19,0,16,3,0,0,16,0,0,0,2,0,0,2,0,0,0,0,30,241,0,0,0,9,0,61,0,35,2,12,1,0,0,1,61,1,0
/users/farah/cpmp/1.ck/easymock/core/src/main/java/org/easymock/internal/matchers/EndsWith.java,org.easymock.internal.matchers.EndsWith,class,1,3,2,1,3,1,0,2,0,0.5,0.0,0.0,3,0,3,0,0,0,3,0,0,0,2,1,0,2,0,0,2,0,0,13,1,0,0,0,2,2,1,2,0,2,0,0,0,0,21,1,0
/users/farah/cpmp/1.ck/easymock/core/src/test/java/org/easymock/tests/IMockBuilderTest.java,org.easymock.tests.IMockBuilderTest,class,7,8,1,7,12,1,0,20,0,0.16666667,0.0,0.0,12,0,10,2,0,0,10,0,0,0,1,0,0,1,0,0,1,0,7,54,0,0,0,0,0,10,0,13,0,13,0,0,0,0,35,1,0
/users/farah/cpmp/1.ck/easymock/core/src/test/java/org/easymock/tests/ResultTest.java,org.easymock.tests.ResultTest,class,3,3,0,3,4,1,0,9,6,0.0,0.0,0.0,4,0,4,0,0,0,4,0,0,0,0,0,0,0,0,0,0,0,3,22,0,0,0,0,0,6,0,7,3,7,0,0,0,0,26,1,0
/users/farah/cpmp/1.ck/easymock/core/src/test/java/org/easymock/tests/ArgumentToStringTest.java,org.easymock.tests.ArgumentToStringTest,class,5,6,1,5,12,1,0,13,64,0.8333333,0.0,0.0,12,0,11,1,0,0,11,0,0,0,1,0,0,1,0,0,0,0,12,49,0,0,0,0,0,20,10,10,3,12,0,0,0,2,29,1,0
/users/farah/cpmp/1.ck/easymock/core/src/main/java/org/easymock/internal/IMocksControlState.java,org.easymock.internal.IMocksControlState,interface,3,7,4,3,20,1,0,0,190,0.0,0.0,0.0,20,0,0,0,0,20,20,0,0,0,0,0,0,0,0,0,0,0,0,22,0,0,0,0,0,0,0,0,0,0,0,0,0,0,46,1,0
/users/farah/cpmp/1.ck/easymock/core/src/test/java/org/easymock/tests2/ConstraintsToStringTest.java,org.easymock.tests2.ConstraintsToStringTest,class,18,18,0,18,21,1,0,18,0,0.0,0.0,0.0,21,0,21,0,0,0,21,0,0,0,1,0,0,1,0,0,0,0,0,105,0,0,0,0,0,31,8,6,0,6,0,2,0,0,43,1,0
/users/farah/cpmp/1.ck/easymock/test-junit5/src/test/java/org/easmock/junit5/IMethods.java,org.easmock.junit5.IMethods,interface,0,1,1,0,1,1,0,0,0,0.0,NaN,NaN,1,0,0,0,0,1,1,0,0,0,0,0,0,0,0,0,0,0,0,3,0,0,0,0,0,0,0,0,0,0,0,0,0,0,3,1,0
/users/farah/cpmp/1.ck/easymock/core/src/main/java/org/easymock/internal/matchers/Same.java,org.easymock.internal.matchers.Same,class,2,4,2,2,4,1,0,2,0,0.5,0.0,0.0,3,0,3,0,0,0,3,0,0,0,2,1,0,2,0,0,2,0,1,15,1,0,1,0,0,2,1,2,0,2,0,0,0,0,20,1,0
/users/farah/cpmp/1.ck/easymock/core/src/test/java/org/easymock/tests/DefaultClassInstantiatorTest.java,org.easymock.tests.DefaultClassInstantiatorTest$PrimitiveParamClass,innerclass,0,0,0,0,1,1,0,0,0,0.0,NaN,NaN,1,0,1,0,0,0,1,0,0,0,0,0,0,0,0,0,0,0,0,4,0,0,0,0,0,0,0,0,0,0,0,0,0,0,4,9,0
/users/farah/cpmp/1.ck/easymock/test-java8/src/test/java/org/easymock/java8/Methods.java,org.easymock.java8.Methods$NoDefaultOverride,innerclass,1,1,0,1,1,1,0,1,0,0.0,NaN,NaN,1,0,1,0,0,0,1,0,0,0,0,0,0,0,0,0,0,0,0,5,1,0,0,0,0,0,0,0,0,0,0,0,0,0,9,9,0
/users/farah/cpmp/1.ck/easymock/core/src/test/java/org/easymock/tests2/ReflectionUtilsTest.java,org.easymock.tests2.ReflectionUtilsTest$A,innerclass,1,1,0,1,12,2,0,0,66,0.0,0.0,0.0,12,1,6,2,2,2,10,0,0,0,0,0,0,0,0,0,0,0,0,26,0,0,0,0,0,0,0,0,0,0,0,0,0,0,18,9,0
/users/farah/cpmp/1.ck/easymock/core/src/test/java/org/easymock/tests2/ReflectionUtilsTest.java,org.easymock.tests2.ReflectionUtilsTest$B,innerclass,0,0,0,0,2,1,0,0,1,0.0,0.0,0.0,2,0,1,0,1,0,2,0,0,0,0,0,0,0,0,0,0,0,0,6,0,0,0,0,0,0,0,0,0,0,0,0,0,0,5,9,0
/users/farah/cpmp/1.ck/easymock/core/src/test/java/org/easymock/tests2/ParentEquals.java,org.easymock.tests2.ParentEquals,class,0,1,1,0,1,1,1,1,0,0.0,NaN,NaN,1,0,1,0,0,0,1,0,0,0,0,0,0,0,0,0,0,0,0,5,1,0,0,0,0,0,0,0,0,0,0,0,0,0,7,0,0
/users/farah/cpmp/1.ck/easymock/core/src/main/java/org/easymock/internal/matchers/Equals.java,org.easymock.internal.matchers.Equals,class,3,11,8,3,12,1,1,3,0,0.5833333,0.0,0.0,6,0,5,0,1,0,6,0,1,0,2,1,0,2,0,0,2,0,1,29,5,0,6,0,0,1,1,3,0,3,1,0,0,0,34,1,0
/users/farah/cpmp/1.ck/easymock/core/src/main/java/org/easymock/internal/ReplayState.java,org.easymock.internal.ReplayState,class,10,16,6,10,27,1,0,14,246,0.90277773,0.0,0.0,24,0,22,2,0,0,22,0,0,0,3,1,0,3,0,0,3,0,2,102,3,0,0,3,0,1,1,4,0,4,3,0,0,0,77,1,0
/users/farah/cpmp/1.ck/easymock/test-junit5/src/test/java/org/easmock/junit5/EasymockExtensionTest.java,org.easmock.junit5.EasymockExtensionTest,class,8,8,0,8,1,2,0,7,0,0.0,NaN,NaN,1,0,1,0,0,0,1,0,0,0,1,0,0,0,0,1,0,0,2,12,0,0,0,0,0,0,4,1,0,2,0,0,0,0,19,1,0
/users/farah/cpmp/1.ck/easymock/core/src/test/java/org/easymock/tests2/ConstructorArgsTest.java,org.easymock.tests2.ConstructorArgsTest,class,4,5,1,4,10,1,0,5,45,1.0,0.0,0.0,10,0,9,1,0,0,9,0,0,0,1,0,1,0,0,0,1,0,0,42,0,0,0,0,0,9,20,2,0,2,0,0,1,0,32,1,0
/users/farah/cpmp/1.ck/easymock/core/src/test/java/org/easymock/tests2/EasyMockSupportClassTest.java,org.easymock.tests2.EasyMockSupportClassTest,class,8,8,0,8,14,2,0,29,71,0.64285713,0.0,0.0,14,0,14,0,0,0,14,0,0,0,1,0,0,1,0,0,0,0,6,80,0,0,0,0,0,5,11,11,0,11,0,0,1,0,41,1,0
/users/farah/cpmp/1.ck/easymock/core/src/test/java/org/easymock/tests/UsageExpectAndThrowTest.java,org.easymock.tests.UsageExpectAndThrowTest,class,5,5,0,5,56,1,0,35,0,0.023809524,0.0,0.0,21,0,21,0,0,0,21,0,0,0,2,1,0,2,0,0,0,0,66,357,0,0,0,35,0,0,70,2,0,2,1,0,0,0,39,1,0
/users/farah/cpmp/1.ck/easymock/core/src/test/java/org/easymock/tests/BaseEasyMockRunnerTest.java,org.easymock.tests.BaseEasyMockRunnerTest,class,2,2,0,2,0,2,0,0,0,NaN,-1.0,-1.0,0,0,0,0,0,0,0,0,0,0,1,0,0,0,1,0,0,0,0,3,0,0,0,0,0,0,0,0,0,1,0,0,0,0,11,1025,0
/users/farah/cpmp/1.ck/easymock/core/src/main/java/org/easymock/internal/IMocksBehavior.java,org.easymock.internal.IMocksBehavior,interface,4,8,4,4,11,1,0,0,55,0.0,0.0,0.0,11,0,0,0,0,11,11,0,0,0,0,0,0,0,0,0,0,0,0,13,0,0,0,0,0,0,0,0,0,0,0,0,0,0,32,1,0
/users/farah/cpmp/1.ck/easymock/core/src/test/java/org/easymock/tests2/EasyMockAnnotationsTest.java,org.easymock.tests2.EasyMockAnnotationsTest$ToInject,innerclass,2,2,0,2,0,1,0,0,0,NaN,-1.0,-1.0,0,0,0,0,0,0,0,0,0,0,6,1,0,0,6,0,1,0,0,8,0,0,0,0,0,0,0,1,0,6,0,0,0,0,13,10,0
/users/farah/cpmp/1.ck/easymock/core/src/main/java/org/easymock/internal/ClassMockingData.java,org.easymock.internal.ClassMockingData,class,1,4,3,1,13,1,0,14,0,0.6,0.0,0.0,5,0,3,2,0,0,3,0,0,0,3,1,0,3,0,0,2,0,2,49,6,2,4,1,0,1,1,6,0,5,2,0,0,0,61,1,0
/users/farah/cpmp/1.ck/easymock/core/src/test/java/org/easymock/tests2/MocksControlTest.java,org.easymock.tests2.MocksControlTest$A,innerclass,1,1,0,1,4,1,0,1,0,0.25,0.0,0.0,4,0,4,0,0,0,4,0,0,0,1,0,0,0,0,1,0,0,0,16,3,0,0,0,0,0,1,3,0,1,0,0,0,0,6,9,0
/users/farah/cpmp/1.ck/easymock/core/src/test/java/org/easymock/tests2/EasyMockPropertiesTest.java,org.easymock.tests2.EasyMockPropertiesTest$Anonymous1,anonymous,1,1,0,1,2,1,0,2,0,0.0,NaN,NaN,1,0,1,0,0,0,1,0,0,0,0,0,0,0,0,0,0,0,0,22,2,0,0,0,0,1,0,0,0,0,1,1,0,0,6,-1,0
/users/farah/cpmp/1.ck/easymock/core/src/main/java/org/easymock/internal/Results.java,org.easymock.internal.Results,class,4,8,4,4,18,1,0,13,0,0.6428572,0.0,0.0,7,0,6,1,0,0,6,0,0,0,4,1,0,4,0,0,3,0,0,67,10,3,1,0,0,1,9,17,1,11,2,0,0,0,53,1,0
/users/farah/cpmp/1.ck/easymock/test-android/src/main/java/org/easymock/android/AndroidTck.java,org.easymock.android.AndroidTck,class,7,8,1,7,7,2,0,24,3,0.0,NaN,NaN,3,0,1,2,0,0,1,0,0,0,0,0,0,0,0,0,0,0,14,52,0,0,2,2,0,7,6,6,0,6,1,0,0,0,47,1,0
/users/farah/cpmp/1.ck/easymock/core/src/main/java/org/easymock/IArgumentMatcher.java,org.easymock.IArgumentMatcher,interface,0,24,24,0,2,1,0,0,1,0.0,0.0,0.0,2,0,0,0,0,2,2,0,0,0,0,0,0,0,0,0,0,0,0,4,0,0,0,0,0,0,0,0,0,0,0,0,0,0,70,1,0
/users/farah/cpmp/1.ck/easymock/core/src/test/java/org/easymock/tests2/EasyMockPropertiesTest.java,org.easymock.tests2.EasyMockPropertiesTest$Anonymous3,anonymous,0,0,0,0,2,1,0,2,0,0.0,NaN,NaN,1,0,1,0,0,0,1,0,0,0,0,0,0,0,0,0,0,0,0,8,2,0,0,0,0,1,0,0,0,0,1,0,0,0,7,-1,0
/users/farah/cpmp/1.ck/easymock/core/src/main/java/org/easymock/internal/PrimitiveUtils.java,org.easymock.internal.PrimitiveUtils$PrimitiveEntry,innerclass,0,0,0,0,1,1,0,0,0,0.0,-1.0,-1.0,1,0,0,1,0,0,0,0,0,0,2,0,0,0,0,2,2,0,0,8,0,0,0,0,0,0,0,2,0,2,0,0,0,0,7,10,0
/users/farah/cpmp/1.ck/easymock/core/src/main/java/org/easymock/IExpectationSetters.java,org.easymock.IExpectationSetters,interface,3,73,70,3,15,1,0,0,105,0.0,0.0,0.0,15,0,0,0,0,15,15,0,0,0,0,0,0,0,0,0,0,0,0,17,0,0,0,0,0,0,0,0,0,0,0,0,0,0,95,1,0
/users/farah/cpmp/1.ck/easymock/core/src/main/java/org/easymock/internal/matchers/Null.java,org.easymock.internal.matchers.Null,class,2,4,2,2,4,1,0,1,3,1.0,0.0,0.0,3,0,2,1,0,0,2,0,0,0,2,2,1,1,0,0,2,0,0,12,1,0,1,0,0,1,1,2,0,2,0,0,0,0,21,1,0
/users/farah/cpmp/1.ck/easymock/core/src/test/java/org/easymock/tests/MockingTest.java,org.easymock.tests.MockingTest$PackageScopeClassToMock,innerclass,0,0,0,0,2,1,0,0,1,0.0,0.0,0.0,2,0,2,0,0,0,2,0,0,0,0,0,0,0,0,0,0,0,0,8,2,0,0,0,0,0,2,0,0,0,0,0,0,0,7,8,0
/users/farah/cpmp/1.ck/easymock/core/src/samples/java/org/easymock/samples/ConstructorCalledMockTest.java,org.easymock.samples.ConstructorCalledMockTest$TaxCalculator,innerclass,1,1,0,1,4,1,0,3,1,0.33333334,0.0,0.0,3,0,2,0,1,0,3,1,0,0,1,0,0,1,0,0,1,0,0,14,1,1,0,0,0,0,0,3,0,2,1,0,0,0,15,1033,0
/users/farah/cpmp/1.ck/easymock/core/src/samples/java/org/easymock/samples/ExampleTest.java,org.easymock.samples.ExampleTest,class,10,10,0,10,8,2,0,24,0,0.45833334,0.0,0.0,8,0,8,0,0,0,8,0,0,0,3,0,1,2,0,0,0,0,8,80,0,0,0,0,0,49,10,3,0,4,0,1,0,1,47,1,0
/users/farah/cpmp/1.ck/easymock/core/src/main/java/org/easymock/internal/ClassProxyFactory.java,org.easymock.internal.ClassProxyFactory,class,17,22,5,17,28,1,0,54,39,0.85,0.0,0.0,10,5,3,7,0,0,3,0,0,0,4,3,0,4,0,0,4,0,10,145,13,0,3,9,0,13,4,15,3,14,3,0,1,1,83,1,0
/users/farah/cpmp/1.ck/easymock/core/src/test/java/org/easymock/tests2/UsageStrictMockTest.java,org.easymock.tests2.UsageStrictMockTest,class,7,7,0,7,22,1,0,23,0,0.0,0.0,0.0,8,0,8,0,0,0,8,0,0,0,1,0,0,1,0,0,0,0,23,142,0,0,0,7,0,28,23,15,4,7,1,0,0,0,59,1,0
/users/farah/cpmp/1.ck/easymock/core/src/test/java/org/easymock/tests/UtilTest.java,org.easymock.tests.UtilTest,class,5,5,0,5,3,1,0,11,3,0.0,0.0,0.0,3,0,3,0,0,0,3,0,0,0,0,0,0,0,0,0,0,0,10,19,0,0,0,0,0,2,0,4,0,4,0,0,0,0,23,1,0
/users/farah/cpmp/1.ck/easymock/test-osgi/src/test/java/org/easymock/itests/OsgiTest.java,org.easymock.itests.OsgiTest$A,innerclass,0,0,0,0,1,1,0,0,0,0.0,NaN,NaN,1,0,1,0,0,0,1,1,0,0,0,0,0,0,0,0,0,0,0,3,0,0,0,0,0,0,0,0,0,0,0,0,0,0,2,1033,0
/users/farah/cpmp/1.ck/easymock/core/src/samples/java/org/easymock/samples/Collaborator.java,org.easymock.samples.Collaborator,interface,0,9,9,0,5,1,0,0,10,0.0,0.0,0.0,5,0,0,0,0,5,5,0,0,0,0,0,0,0,0,0,0,0,0,7,0,0,0,0,0,0,0,0,0,0,0,0,0,0,13,1,0
/users/farah/cpmp/1.ck/easymock/core/src/test/java/org/easymock/tests/UsageExpectAndDefaultReturnTest.java,org.easymock.tests.UsageExpectAndDefaultReturnTest,class,5,5,0,5,6,1,0,20,0,0.0,0.0,0.0,6,0,6,0,0,0,6,0,0,0,1,0,0,1,0,0,0,0,16,41,0,0,0,0,0,3,28,1,0,1,0,0,0,0,46,1,0
/users/farah/cpmp/1.ck/easymock/core/src/main/java/org/easymock/EasyMockExtension.java,org.easymock.EasyMockExtension,class,3,4,1,3,1,1,0,1,0,0.0,NaN,NaN,1,0,1,0,0,0,1,0,0,0,0,0,0,0,0,0,0,0,1,5,0,0,0,0,0,0,0,0,0,0,0,0,0,0,47,1,0
/users/farah/cpmp/1.ck/easymock/core/src/main/java/org/easymock/internal/Result.java,org.easymock.internal.Result$1ThrowingAnswer,innerclass,1,1,0,1,2,1,0,0,1,1.0,0.0,0.0,2,0,2,0,0,0,2,0,0,0,1,1,0,1,0,0,1,0,0,9,1,0,0,0,0,1,1,1,1,1,0,0,0,0,17,0,0
/users/farah/cpmp/1.ck/easymock/core/src/test/java/org/easymock/tests/DefaultClassInstantiatorTest.java,org.easymock.tests.DefaultClassInstantiatorTest,class,20,21,1,20,20,1,0,16,136,1.0,0.0,0.0,17,2,16,1,0,0,16,0,0,0,1,0,0,1,0,0,1,0,5,127,0,0,0,3,0,5,0,5,0,5,1,0,12,0,93,1,0
/users/farah/cpmp/1.ck/easymock/test-java8/src/test/java/org/easymock/java8/ReflectionUtilsTest.java,org.easymock.java8.ReflectionUtilsTest,class,6,6,0,6,3,1,0,4,0,0.0,0.0,0.0,3,0,3,0,0,0,3,0,0,0,2,2,0,2,0,0,2,0,3,19,0,0,0,0,0,1,4,8,0,8,0,0,0,0,36,1,0
/users/farah/cpmp/1.ck/easymock/core/src/test/java/org/easymock/tests2/AutoInstantiationTest.java,org.easymock.tests2.AutoInstantiationTest,class,7,7,0,7,2,1,0,3,1,0.5,0.0,0.0,2,0,2,0,0,0,2,0,0,0,1,0,0,1,0,0,0,0,1,18,0,0,0,0,0,0,0,1,0,2,0,0,2,0,25,1,0
/users/farah/cpmp/1.ck/easymock/test-integration/src/test/java/org/itests/PowermockTest.java,org.itests.PowermockTest,class,8,8,0,8,4,1,0,14,3,0.0,0.0,0.0,3,0,3,0,0,0,3,0,0,0,0,0,0,0,0,0,0,0,6,26,0,0,0,1,0,6,0,4,0,4,1,0,0,0,75,1,0
/users/farah/cpmp/1.ck/easymock/core/src/test/java/org/easymock/tests2/NiceMockTest.java,org.easymock.tests2.NiceMockTest,class,4,4,0,4,5,1,0,10,0,0.0,0.0,0.0,5,0,5,0,0,0,5,0,0,0,1,0,0,0,0,1,0,0,6,23,0,0,0,0,0,0,8,1,0,1,0,0,0,0,23,1,0
/users/farah/cpmp/1.ck/easymock/core/src/main/java/org/easymock/internal/ClassInstantiatorFactory.java,org.easymock.internal.ClassInstantiatorFactory,class,3,9,6,3,7,1,0,3,15,0.5714286,0.0,0.0,7,6,6,1,0,0,6,0,0,0,1,1,0,1,0,0,0,0,3,23,4,0,0,0,0,3,0,3,0,1,0,0,0,0,48,17,0
/users/farah/cpmp/1.ck/easymock/core/src/test/java/org/easymock/tests2/ThreadingTest.java,org.easymock.tests2.ThreadingTest,class,5,5,0,5,12,1,0,35,9,0.5,0.0,0.0,6,0,6,0,0,0,6,0,0,0,1,1,0,1,0,0,1,0,35,97,1,3,0,4,0,19,4,26,0,24,2,0,0,3,111,1,0
/users/farah/cpmp/1.ck/easymock/core/src/samples/java/org/easymock/samples/ConstructorCalledMockTest.java,org.easymock.samples.ConstructorCalledMockTest,class,8,8,0,8,4,2,0,11,0,0.25,0.0,0.0,4,0,4,0,0,0,4,0,0,0,1,0,0,1,0,0,0,0,2,33,0,0,0,0,0,4,0,1,0,1,0,0,1,0,40,1,0
/users/farah/cpmp/1.ck/easymock/core/src/test/java/org/easymock/tests2/MocksControlDefaultMethodsTest.java,org.easymock.tests2.MocksControlDefaultMethodsTest$InterfaceWithDefaultMethod,interface,0,0,0,0,1,1,0,0,0,0.0,NaN,NaN,1,0,0,0,0,1,1,0,0,0,0,0,0,0,0,0,0,0,0,4,0,0,0,0,0,0,0,0,0,0,0,0,0,0,5,2,0
/users/farah/cpmp/1.ck/easymock/core/src/test/java/org/easymock/tests/DefaultClassInstantiatorTest.java,org.easymock.tests.DefaultClassInstantiatorTest$ProtectedWithPrimitiveConstructorClass,innerclass,0,0,0,0,1,1,0,0,0,0.0,NaN,NaN,1,0,0,0,1,0,1,0,0,0,0,0,0,0,0,0,0,0,0,4,0,0,0,0,0,0,0,0,0,0,0,0,0,0,6,9,0
/users/farah/cpmp/1.ck/easymock/core/src/main/java/org/easymock/internal/matchers/Compare.java,org.easymock.internal.matchers.Compare,class,3,4,1,3,4,1,0,5,0,0.25,0.0,0.0,3,0,3,0,0,0,3,0,0,0,4,1,0,4,0,0,4,0,0,20,2,0,1,0,0,4,1,4,0,4,1,0,0,0,33,1,0
/users/farah/cpmp/1.ck/easymock/core/src/test/java/org/easymock/tests/NiceMockControlTest.java,org.easymock.tests.NiceMockControlTest,class,4,4,0,4,5,1,0,10,0,0.0,0.0,0.0,5,0,5,0,0,0,5,0,0,0,1,0,0,1,0,0,0,0,6,23,0,0,0,0,0,0,8,1,0,1,0,0,0,0,24,1,0
/users/farah/cpmp/1.ck/easymock/core/src/test/java/org/easymock/internal/LinkedClassLoaderTest.java,org.easymock.internal.LinkedClassLoaderTest,class,3,3,0,3,1,1,0,9,0,0.0,NaN,NaN,1,0,1,0,0,0,1,0,0,0,0,0,0,0,0,0,0,0,0,10,0,0,0,0,0,0,0,3,0,3,0,0,0,1,16,1,0
/users/farah/cpmp/1.ck/easymock/core/src/main/java/org/easymock/internal/matchers/ArrayEquals.java,org.easymock.internal.matchers.ArrayEquals,class,10,13,3,10,30,2,0,12,3,1.0,0.0,0.0,3,0,3,0,0,0,3,0,0,0,1,1,0,1,0,0,1,0,10,42,10,0,9,0,9,0,1,2,0,2,1,0,0,0,23,1,0
/users/farah/cpmp/1.ck/easymock/core/src/test/java/org/easymock/tests2/AutoInstantiationTest.java,org.easymock.tests2.AutoInstantiationTest$DefaultConstructorInjectionTest,innerclass,4,4,0,4,0,1,0,0,0,NaN,-1.0,-1.0,0,0,0,0,0,0,0,0,0,0,2,0,0,2,0,0,0,0,0,4,0,0,0,0,0,0,0,0,0,2,0,0,0,0,12,10,0
/users/farah/cpmp/1.ck/easymock/core/src/test/java/org/easymock/tests/MethodTest.java,org.easymock.tests.MethodTest,class,6,6,0,6,4,2,0,9,0,0.0,0.0,0.0,4,0,0,0,0,4,4,0,0,0,1,0,0,1,0,0,0,0,3,24,0,0,0,0,0,6,0,1,0,1,0,0,0,0,21,0,0
/users/farah/cpmp/1.ck/easymock/core/src/main/java/org/easymock/internal/Invocation.java,org.easymock.internal.Invocation,class,5,22,17,5,44,1,0,42,99,0.8245614,0.0,0.0,19,3,12,7,0,0,12,0,0,0,6,2,0,6,0,0,5,0,13,147,24,5,7,2,1,6,15,23,8,20,3,0,0,0,92,1,0
/users/farah/cpmp/1.ck/easymock/core/src/test/java/org/easymock/tests2/ConstraintsToStringTest.java,org.easymock.tests2.ConstraintsToStringTest$Anonymous1,anonymous,0,0,0,0,1,1,0,0,0,0.0,NaN,NaN,1,0,1,0,0,0,1,0,0,0,0,0,0,0,0,0,0,0,0,5,1,0,0,0,0,1,0,0,0,0,0,0,0,0,2,-1,0
/users/farah/cpmp/1.ck/easymock/core/src/main/java/org/easymock/internal/AndroidSupport.java,org.easymock.internal.AndroidSupport,class,0,2,2,0,3,1,0,1,0,0.0,0.0,0.0,1,1,1,0,0,0,2,0,0,0,1,1,0,1,0,0,0,0,2,16,1,0,0,1,0,2,0,2,0,1,1,0,0,0,11,17,0
/users/farah/cpmp/1.ck/easymock/core/src/test/java/org/easymock/tests2/ConstraintsToStringTest.java,org.easymock.tests2.ConstraintsToStringTest$Anonymous2,anonymous,0,0,0,0,1,1,0,0,0,0.0,NaN,NaN,1,0,1,0,0,0,1,0,0,0,0,0,0,0,0,0,0,0,0,5,1,0,0,0,0,1,0,0,0,0,0,0,0,0,2,-1,0
/users/farah/cpmp/1.ck/easymock/core/src/test/java/org/easymock/tests/MockTypeTest.java,org.easymock.tests.MockTypeTest,class,8,9,1,8,9,1,0,17,28,0.7222222,0.0,0.0,9,0,9,0,0,0,9,0,0,0,2,0,0,2,0,0,2,0,10,51,1,0,0,0,0,12,0,16,3,16,0,0,0,0,30,1,0
/users/farah/cpmp/1.ck/easymock/core/src/main/java/org/easymock/internal/matchers/Find.java,org.easymock.internal.matchers.Find,class,1,3,2,1,3,1,0,6,0,0.5,0.0,0.0,3,0,3,0,0,0,3,0,0,0,2,1,0,2,0,0,2,0,1,13,1,0,0,0,1,4,1,2,0,2,0,0,0,0,21,1,0
/users/farah/cpmp/1.ck/easymock/core/src/test/java/org/easymock/tests2/EasyMockAnnotationsTest.java,org.easymock.tests2.EasyMockAnnotationsTest$TypeDefinedTwiceTest,innerclass,2,2,0,2,0,1,0,0,0,NaN,-1.0,-1.0,0,0,0,0,0,0,0,0,0,0,1,0,0,0,1,0,0,0,0,3,0,0,0,0,0,0,0,0,0,1,0,0,0,0,8,10,0
/users/farah/cpmp/1.ck/easymock/core/src/test/java/org/easymock/tests/UsageCallCountTest.java,org.easymock.tests.UsageCallCountTest,class,6,7,1,6,17,1,0,12,0,0.0,0.0,0.0,15,0,10,5,0,0,10,0,0,0,1,0,0,1,0,0,0,0,18,92,0,0,0,2,0,2,0,1,0,1,1,0,1,0,49,1,0
/users/farah/cpmp/1.ck/easymock/test-java8/src/test/java/org/easymock/java8/Methods.java,org.easymock.java8.Methods$DefaultOverride,innerclass,2,2,0,2,2,1,0,1,1,0.0,0.0,0.0,2,0,2,0,0,0,2,0,0,0,0,0,0,0,0,0,0,0,0,8,2,0,0,0,0,0,1,0,0,0,0,0,0,0,8,9,0
/users/farah/cpmp/1.ck/easymock/core/src/test/java/org/easymock/tests/FinalEqualsTest.java,org.easymock.tests.FinalEqualsTest$MyInt,innerclass,1,1,0,1,4,1,0,1,1,0.33333334,0.0,0.0,3,0,3,0,0,0,3,0,1,0,1,0,0,1,0,0,1,0,0,12,2,0,1,0,1,0,0,1,0,1,0,0,0,0,7,9,0
/users/farah/cpmp/1.ck/easymock/core/src/test/java/org/easymock/tests/Util.java,org.easymock.tests.Util,class,4,11,7,4,6,1,0,11,15,0.0,0.0,0.0,6,5,5,1,0,0,5,0,0,0,0,0,0,0,0,0,0,0,3,24,5,0,0,0,1,0,1,4,0,4,0,0,0,0,30,17,0
/users/farah/cpmp/1.ck/easymock/core/src/main/java/org/easymock/internal/matchers/CompareEqual.java,org.easymock.internal.matchers.CompareEqual,class,2,4,2,2,4,2,0,0,3,1.0,0.0,0.0,3,0,1,0,2,0,3,0,0,0,1,1,0,1,0,0,1,0,0,12,2,0,1,0,0,1,2,1,0,1,0,0,0,0,23,1,0
/users/farah/cpmp/1.ck/easymock/core/src/main/java/org/easymock/internal/matchers/Not.java,org.easymock.internal.matchers.Not,class,1,3,2,1,3,1,0,3,0,0.5,0.0,0.0,3,0,3,0,0,0,3,0,0,0,2,1,0,2,0,0,2,0,0,15,1,0,0,0,0,2,1,2,0,2,0,0,0,0,22,1,0
/users/farah/cpmp/1.ck/easymock/core/src/test/java/org/easymock/tests/LimitationsTest.java,org.easymock.tests.LimitationsTest$MyClass,innerclass,0,0,0,0,1,1,0,0,0,0.0,NaN,NaN,1,0,1,0,0,0,1,0,1,0,0,0,0,0,0,0,0,0,0,5,0,0,0,0,0,0,0,0,0,0,0,0,0,0,5,9,0
/users/farah/cpmp/1.ck/easymock/test-nodeps/src/test/java/org/itests/DependencyTest.java,org.itests.DependencyTest,class,9,10,1,9,8,1,0,16,4,0.7,0.0,0.0,5,0,5,0,0,0,5,0,0,0,2,0,1,1,0,0,1,0,6,50,0,0,0,3,0,8,4,4,0,4,1,0,1,0,53,1,0
/users/farah/cpmp/1.ck/easymock/core/src/test/java/org/easymock/tests2/UsageConstraintsTest.java,org.easymock.tests2.UsageConstraintsTest$Anonymous1,anonymous,2,2,0,2,2,1,0,2,1,0.0,NaN,NaN,2,0,1,1,0,0,1,0,0,0,0,0,0,0,0,0,0,0,0,8,2,0,0,0,0,0,0,0,1,0,0,0,0,0,5,-1,0
/users/farah/cpmp/1.ck/easymock/core/src/test/java/org/easymock/tests/ReplayStateInvalidUsageTest.java,org.easymock.tests.ReplayStateInvalidUsageTest,class,7,7,0,7,15,1,0,20,33,0.64444447,0.0,0.0,15,0,15,0,0,0,15,0,0,0,3,0,0,3,0,0,0,0,5,60,0,0,0,0,0,5,1,5,0,5,0,0,0,13,60,1,0
/users/farah/cpmp/1.ck/easymock/core/src/samples/java/org/easymock/samples/ThrowableEquals.java,org.easymock.samples.ThrowableEquals,class,4,5,1,4,5,1,0,7,0,0.25,0.0,0.0,4,1,4,0,0,0,4,0,0,0,1,0,0,1,0,0,1,0,1,24,3,0,0,0,2,3,0,2,0,2,1,0,0,0,25,1,0
/users/farah/cpmp/1.ck/easymock/core/src/test/java/org/easymock/tests/ObjectMethodsTest.java,org.easymock.tests.ObjectMethodsTest,class,7,7,0,7,7,2,0,9,0,0.14285715,0.0,0.0,7,0,7,0,0,0,7,0,0,0,1,0,0,1,0,0,0,0,4,39,0,0,0,0,0,4,1,5,3,5,0,0,3,0,34,1,0
/users/farah/cpmp/1.ck/easymock/core/src/test/java/org/easymock/tests2/EasyMockPropertiesTest.java,org.easymock.tests2.EasyMockPropertiesTest$Anonymous1$Anonymous2,anonymous,1,1,0,1,4,1,0,0,6,0.0,0.0,0.0,4,0,4,0,0,0,4,0,0,0,0,0,0,0,0,0,0,0,0,14,0,0,0,0,0,3,1,1,0,0,0,0,0,0,8,-1,0
/users/farah/cpmp/1.ck/easymock/core/src/test/java/org/easymock/tests/UsageVarargTest.java,org.easymock.tests.UsageVarargTest,class,5,5,0,5,14,1,0,20,0,0.07692308,0.0,0.0,13,0,13,0,0,0,13,0,0,0,1,0,0,1,0,0,0,0,30,119,0,0,0,1,0,29,101,2,0,5,1,0,0,1,54,1,0
/users/farah/cpmp/1.ck/easymock/core/src/test/java/org/easymock/tests2/EasyMockAnnotationsTest.java,org.easymock.tests2.EasyMockAnnotationsTest$ToInjectMocksTest,innerclass,5,5,0,5,0,1,0,0,0,NaN,-1.0,-1.0,0,0,0,0,0,0,0,0,0,0,3,0,0,0,3,0,0,0,0,5,0,0,0,0,0,0,0,1,0,3,0,0,0,0,11,10,0
/users/farah/cpmp/1.ck/easymock/core/src/test/java/org/easymock/tests2/MockedExceptionTest.java,org.easymock.tests2.MockedExceptionTest,class,5,5,0,5,8,4,0,16,4,0.5,0.0,0.0,4,0,4,0,0,0,4,0,0,0,1,1,0,1,0,0,0,0,20,68,0,0,0,4,0,4,3,10,0,10,1,0,1,0,41,1,0
/users/farah/cpmp/1.ck/easymock/core/src/test/java/org/easymock/tests2/SerializationTest.java,org.easymock.tests2.SerializationTest,class,6,7,1,6,5,1,0,21,10,1.0,0.0,0.0,5,0,4,1,0,0,4,0,0,0,1,1,0,1,0,0,1,0,11,49,1,0,0,0,0,6,5,21,0,8,0,0,0,0,45,1,0
/users/farah/cpmp/1.ck/easymock/core/src/test/java/org/easymock/tests/ObjectMethodsTest.java,org.easymock.tests.ObjectMethodsTest$DummyProxy,innerclass,1,1,0,1,0,2,0,0,0,0.0,-1.0,-1.0,0,0,0,0,0,0,0,0,0,0,0,0,0,0,0,0,0,0,0,2,0,0,0,0,0,0,0,0,0,0,0,0,0,0,4,10,0
/users/farah/cpmp/1.ck/easymock/core/src/samples/java/org/easymock/samples/PartialClassMockTest.java,org.easymock.samples.PartialClassMockTest,class,8,8,0,8,3,2,0,11,0,0.0,0.0,0.0,3,0,3,0,0,0,3,0,0,0,1,0,0,1,0,0,0,0,2,35,0,0,0,0,0,2,3,2,0,1,0,0,1,0,32,1,0
/users/farah/cpmp/1.ck/easymock/core/src/test/java/org/easymock/tests/GenericTest.java,org.easymock.tests.GenericTest,class,11,11,0,11,5,3,0,12,10,0.0,0.0,0.0,5,0,5,0,0,0,5,0,0,0,0,0,0,0,0,0,0,0,11,57,0,0,0,0,0,3,2,5,0,5,0,0,6,0,92,1,0
/users/farah/cpmp/1.ck/easymock/core/src/main/java/org/easymock/internal/MethodSerializationWrapper.java,org.easymock.internal.MethodSerializationWrapper,class,0,4,4,0,6,1,0,18,0,0.3,0.0,0.0,2,0,2,0,0,0,3,0,0,0,5,2,0,5,0,0,5,0,4,40,1,2,1,0,0,0,4,14,0,11,2,0,0,0,29,1,0
/users/farah/cpmp/1.ck/easymock/core/src/test/java/org/easymock/tests2/EasyMockClassExtensionTest.java,org.easymock.tests2.EasyMockClassExtensionTest,class,9,11,2,9,35,1,0,61,270,0.9583333,0.0,0.0,24,6,17,7,0,0,18,0,0,0,3,3,0,3,0,0,3,0,72,243,0,4,0,6,0,35,38,34,1,28,1,0,1,0,109,1,0
/users/farah/cpmp/1.ck/easymock/core/src/main/java/org/easymock/internal/ExpectedInvocationAndResult.java,org.easymock.internal.ExpectedInvocationAndResult,class,2,3,1,2,3,1,0,0,0,0.5555556,0.0,0.0,3,0,3,0,0,0,3,0,0,0,3,1,0,3,0,0,3,0,0,15,2,0,0,0,0,0,1,3,0,3,0,0,0,0,17,1,0
/users/farah/cpmp/1.ck/easymock/core/src/test/java/org/easymock/tests/DefaultClassInstantiatorTest.java,org.easymock.tests.DefaultClassInstantiatorTest$ObjectClass,innerclass,0,0,0,0,1,1,0,0,0,0.0,NaN,NaN,1,0,1,0,0,0,1,0,0,0,0,0,0,0,0,0,0,0,0,4,0,0,0,0,0,0,0,0,0,0,0,0,0,0,3,9,0
/users/farah/cpmp/1.ck/easymock/core/src/test/java/org/easymock/tests2/UsageTest.java,org.easymock.tests2.UsageTest,class,5,5,0,5,30,1,0,26,0,0.0,0.0,0.0,14,0,14,0,0,0,14,0,0,0,1,0,0,0,0,1,0,0,46,201,0,0,0,12,0,78,3,13,4,9,1,0,0,0,72,1,0
/users/farah/cpmp/1.ck/easymock/core/src/main/java/org/easymock/internal/ArgumentToString.java,org.easymock.internal.ArgumentToString,class,2,8,6,2,15,1,0,15,6,0.0,0.0,0.0,4,3,3,1,0,0,3,0,0,0,0,0,0,0,0,0,0,0,8,58,2,2,2,0,0,13,6,7,0,6,3,0,0,0,50,17,0
/users/farah/cpmp/1.ck/easymock/core/src/main/java/org/easymock/internal/Range.java,org.easymock.internal.Range,class,2,12,10,2,18,1,0,2,0,0.5925926,0.0,0.0,9,0,9,0,0,0,9,0,0,0,3,1,0,3,0,0,3,0,0,50,9,0,2,0,3,8,3,3,4,3,1,0,0,0,34,1,0
/users/farah/cpmp/1.ck/easymock/core/src/test/java/org/easymock/tests2/EasyMockAnnotationsTest.java,org.easymock.tests2.EasyMockAnnotationsTest$ToInjectTypeIncompatibleQualifierTest,innerclass,5,5,0,5,0,1,0,0,0,NaN,-1.0,-1.0,0,0,0,0,0,0,0,0,0,0,3,0,0,0,3,0,0,0,0,5,0,0,0,0,0,3,0,1,0,3,0,0,0,0,16,10,0
/users/farah/cpmp/1.ck/easymock/core/src/main/java/org/easymock/internal/ObjectMethodsFilter.java,org.easymock.internal.ObjectMethodsFilter,class,6,11,5,6,17,1,0,19,0,0.625,0.0,0.0,8,1,4,4,0,0,4,0,1,0,8,2,0,8,0,0,4,0,8,81,9,0,2,2,5,6,2,18,1,10,2,0,0,1,67,1,0
/users/farah/cpmp/1.ck/easymock/core/src/main/java/org/easymock/CaptureType.java,org.easymock.CaptureType,enum,0,3,3,0,0,1,0,0,0,0.0,-1.0,-1.0,0,0,0,0,0,0,0,0,0,0,0,0,0,0,0,0,0,0,0,5,0,0,0,0,0,0,0,0,0,0,0,0,0,0,28,1,0
/users/farah/cpmp/1.ck/easymock/core/src/main/java/org/easymock/internal/MockInvocationHandler.java,org.easymock.internal.MockInvocationHandler,class,8,12,4,8,7,1,0,7,0,0.5,0.0,0.0,3,0,3,0,0,0,3,0,0,0,2,1,0,2,0,0,2,0,1,27,2,0,0,1,0,0,1,2,0,2,2,0,0,0,31,17,0
/users/farah/cpmp/1.ck/easymock/core/src/main/java/org/easymock/internal/LinkedClassLoader.java,org.easymock.internal.LinkedClassLoader,class,0,1,1,0,5,2,0,2,0,0.0,0.0,0.0,2,0,1,0,1,0,2,0,0,0,1,0,0,1,0,0,1,0,1,20,1,1,1,1,0,0,0,3,0,2,2,0,0,0,34,0,0
/users/farah/cpmp/1.ck/easymock/core/src/test/java/org/easymock/internal/PrimitiveUtilsTest.java,org.easymock.internal.PrimitiveUtilsTest,class,3,4,1,3,5,1,0,11,10,0.0,0.0,0.0,5,0,4,1,0,0,4,0,0,0,0,0,0,0,0,0,0,0,29,47,0,0,0,0,0,0,7,0,0,0,0,0,0,0,21,1,0
/users/farah/cpmp/1.ck/easymock/core/src/test/java/org/easymock/tests/UsageExpectAndReturnTest.java,org.easymock.tests.UsageExpectAndReturnTest,class,5,5,0,5,21,1,0,35,0,0.0,0.0,0.0,21,0,21,0,0,0,21,0,0,0,1,0,0,1,0,0,0,0,61,136,0,0,0,0,0,10,107,1,0,1,0,0,0,0,33,1,0
/users/farah/cpmp/1.ck/easymock/core/src/main/java/org/easymock/internal/matchers/Contains.java,org.easymock.internal.matchers.Contains,class,1,3,2,1,3,1,0,2,0,0.5,0.0,0.0,3,0,3,0,0,0,3,0,0,0,2,1,0,2,0,0,2,0,0,13,1,0,0,0,2,2,1,2,0,2,0,0,0,0,20,1,0
/users/farah/cpmp/1.ck/easymock/core/src/main/java/org/easymock/internal/matchers/Matches.java,org.easymock.internal.matchers.Matches,class,1,3,2,1,3,1,0,6,0,0.5,0.0,0.0,3,0,3,0,0,0,3,0,0,0,2,1,0,2,0,0,2,0,1,13,1,0,0,0,1,4,1,2,0,2,0,0,0,0,21,1,0
/users/farah/cpmp/1.ck/easymock/core/src/main/java/org/easymock/internal/matchers/EqualsWithDelta.java,org.easymock.internal.matchers.EqualsWithDelta,class,1,3,2,1,5,1,0,3,0,0.33333334,0.0,0.0,3,0,3,0,0,0,3,0,0,0,3,1,0,3,0,0,3,0,0,16,1,0,0,0,0,3,1,4,2,4,0,0,0,0,25,1,0
/users/farah/cpmp/1.ck/easymock/core/src/test/java/org/easymock/tests/UsageStrictMockTest.java,org.easymock.tests.UsageStrictMockTest,class,7,7,0,7,26,1,0,24,0,0.0,0.0,0.0,10,0,10,0,0,0,10,0,0,0,1,0,0,1,0,0,0,0,29,158,0,0,0,8,0,36,23,18,5,9,1,0,0,0,67,1,0
